depth,Kanaldurchmesser_unten_um,Vol_%,gs_phi,Vol_clr_mean,Vol_clr_median,Vol_clr_std
20.0,0.0439105,0.000247403,14.47507451220161,-7.35408051119205,-7.35408051119205,1.8544398170833265
20.0,0.0482033,0.000419329,14.340508557635813,-6.3326416275623485,-6.3326416275623485,1.1560988195300186
20.0,0.0529158,0.000843815,14.205941916970517,-5.465562993642262,-5.465562993642262,0.9187921258259367
20.0,0.0580889,0.00174709,14.071377963903002,-4.771369157617658,-4.771369157617658,0.9662810119538129
20.0,0.0637679,0.00337902,13.936810103188618,-4.144643614805409,-4.144643614805409,1.012820852863023
20.0,0.070002,0.00589602,13.80224433310974,-3.516260711017547,-3.516260711017547,0.9114343504148668
20.0,0.0768455,0.00910902,13.6676796949081,-2.929649688111068,-2.929649688111068,0.697006427276253
20.0,0.0843581,0.0129689,13.533113872802678,-2.438097053243202,-2.438097053243202,0.5014721935390654
20.0,0.0926052,0.0176417,13.398547267953667,-2.026754583970269,-2.026754583970269,0.3549154953966445
20.0,0.101658,0.0235888,13.263988626676865,-1.6644031336373528,-1.6644031336373528,0.25331154115906873
20.0,0.111597,0.0306264,13.129414135028378,-1.345448706863972,-1.345448706863972,0.1714793917290186
20.0,0.122507,0.0383795,12.994848192960312,-1.072111740105119,-1.072111740105119,0.10405550716599846
20.0,0.134483,0.0469879,12.86028856636446,-0.8301872503199297,-0.8301872503199297,0.04811228620222378
20.0,0.147631,0.0573378,12.725716684910308,-0.5997121547498327,-0.5997121547498327,0.003698732161162989
20.0,0.162064,0.0696152,12.591148725396932,-0.3784600983048767,-0.3784600983048767,0.034809191897478185
20.0,0.177907,0.0838993,12.456589102971321,-0.1680968354857706,-0.1680968354857706,0.06836696220749747
20.0,0.1953,0.100573,12.322020430324745,0.03400499182452332,0.03400499182452332,0.09783247725634756
20.0,0.214393,0.121131,12.187454577439166,0.23616117715293816,0.23616117715293816,0.12069665159526013
20.0,0.235353,0.146041,12.052886136645343,0.43559270082234525,0.43559270082234525,0.13825655115289076
20.0,0.258361,0.174499,11.918324070171769,0.6237955388019789,0.6237955388019789,0.1526408442840929
20.0,0.283619,0.205255,11.783758195746348,0.794217316769374,0.794217316769374,0.1640785515411262
20.0,0.311346,0.237298,11.64919363515756,0.9459612424677046,0.9459612424677046,0.17352592100730074
20.0,0.341784,0.270799,11.514627518114517,1.0833228767077934,1.0833228767077934,0.18102340422794908
20.0,0.375198,0.306391,11.38006024198873,1.2113971380879494,1.2113971380879494,0.18751329472890962
20.0,0.411878,0.345037,11.24549531121787,1.3332414496840839,1.3332414496840839,0.19183331836127132
20.0,0.452145,0.387176,11.110926869665022,1.4500614641147642,1.4500614641147642,0.1940851735554824
20.0,0.496347,0.432711,10.97636330702916,1.5616454354224372,1.5616454354224372,0.19464134505664582
20.0,0.544872,0.481903,10.841795024254486,1.6691387238146493,1.6691387238146493,0.19438750515659067
20.0,0.59814,0.535034,10.707229179964555,1.7730196787029686,1.7730196787029686,0.19338837401518347
20.0,0.656615,0.592795,10.572664671706132,1.8742070528869021,1.8742070528869021,0.1915060996949449
20.0,0.720807,0.655545,10.438099357831614,1.973056609344415,1.973056609344415,0.18900470255919233
20.0,0.791275,0.72365,10.30353320294686,2.07006375347748,2.07006375347748,0.18641138106052313
20.0,0.868632,0.79761,10.168967277562471,2.165905923278246,2.165905923278246,0.18433286005549726
20.0,0.953552,0.878483,10.03440076445499,2.261353061442949,2.261353061442949,0.18273527683803203
20.0,1.04677,0.967316,9.899839801620729,2.35699534836914,2.35699534836914,0.18176458505904758
20.0,1.14911,1.0642,9.765267376270275,2.452323270294128,2.452323270294128,0.18158713760427575
20.0,1.26145,1.1687,9.630701261210834,2.5467343375491414,2.5467343375491414,0.18263703628708108
20.0,1.38477,1.28056,9.496137909408768,2.6396589725660187,2.6396589725660187,0.18478547094782322
20.0,1.52015,1.39979,9.36157059679652,2.7308029940526657,2.7308029940526657,0.18778258316517127
20.0,1.66876,1.52594,9.227007802524259,2.819594811570305,2.819594811570305,0.1913229668027582
20.0,1.8319,1.65778,9.092443533105898,2.9053790097804475,2.9053790097804475,0.19544604124671575
20.0,2.011,1.794,8.957871203018822,2.987610760021819,2.987610760021819,0.20006110733385135
20.0,2.2076,1.93321,8.823305494019841,3.0657997187563977,3.0657997187563977,0.20494705768414567
20.0,2.42342,2.07392,8.688739826464873,3.1394433094514262,3.1394433094514262,0.20973401246074075
20.0,2.66033,2.21394,8.554179069073188,3.2079717618639805,3.2079717618639805,0.21425278544745016
20.0,2.92042,2.35074,8.419608419548556,3.2709400004949405,3.2709400004949405,0.21851211396022513
20.0,3.20592,2.4819,8.285045859495044,3.3280394845794325,3.3280394845794325,0.22247935127362528
20.0,3.51934,2.60542,8.150479386482726,3.3790977011935652,3.3790977011935652,0.22599893550916225
20.0,3.8634,2.71922,8.015913228852217,3.423798668979853,3.423798668979853,0.22875634638024744
20.0,4.2411,2.82065,7.881345784325423,3.4617679003933755,3.4617679003933755,0.23066122281875132
20.0,4.65572,2.90738,7.746779989035808,3.4928084394157475,3.4928084394157475,0.23172974867391544
20.0,5.11087,2.9781,7.612215389223115,3.5170710535822938,3.5170710535822938,0.23205421575443425
20.0,5.61052,3.03279,7.4776497942817235,3.534873793083221,3.534873793083221,0.2314959759532618
20.0,6.15902,3.07141,7.343083471666689,3.546423156822436,3.546423156822436,0.22993413563854392
20.0,6.76114,3.09372,7.2085177639409865,3.551931764939413,3.551931764939413,0.22748909805896272
20.0,7.42212,3.09931,7.073952958107196,3.5517171188075474,3.5517171188075474,0.22463252541866555
20.0,8.14773,3.08858,6.939386111687087,3.546380965246913,3.546380965246913,0.22199065307465124
20.0,8.94427,3.06261,6.804820545297883,3.536478208760066,3.536478208760066,0.2199275817553471
20.0,9.81869,3.02178,6.670253730241701,3.522307843508246,3.522307843508246,0.2188684299997824
20.0,10.7786,2.96568,6.535686386844111,3.5040008335304598,3.5040008335304598,0.21948036483311598
20.0,11.8323,2.89378,6.401125653199968,3.482163395510043,3.482163395510043,0.22330624313632852
20.0,12.9891,2.80585,6.266554718228267,3.4568704586819674,3.4568704586819674,0.2311751335443677
20.0,14.2589,2.69683,6.131993500121705,3.424865096171896,3.424865096171896,0.2419573122686544
20.0,15.6529,2.55364,5.997426220921714,3.3770308212385616,3.3770308212385616,0.25146498792071575
20.0,17.1832,2.35838,5.86285745747583,3.298790023593722,3.298790023593722,0.2533091959663044
20.0,18.863,2.10273,5.728297047116338,3.176358228104165,3.176358228104165,0.24242915139033927
20.0,20.7071,1.80663,5.593730669464664,3.0063929519481007,3.0063929519481007,0.21670176826571022
20.0,22.7315,1.52055,5.459163302312336,2.810365806282877,2.810365806282877,0.18327538001159033
20.0,24.9538,1.30463,5.324596661838943,2.6419971010702112,2.6419971010702112,0.16175660834543734
20.0,27.3934,1.19678,5.190027848933399,2.5623747868662723,2.5623747868662723,0.17117886927474668
20.0,30.0714,1.19551,5.055464154385576,2.589656751076221,2.589656751076221,0.21126292623805482
20.0,33.0113,1.25961,4.920896236109048,2.6721552396761767,2.6721552396761767,0.25407005628693174
20.0,36.2385,1.31543,4.78633294982513,2.7312408850376166,2.7312408850376166,0.2763074137065474
20.0,39.7813,1.28529,4.651765767476664,2.703579709695613,2.703579709695613,0.2699689922625256
20.0,43.6704,1.12713,4.517200444198726,2.5419686770863534,2.5419686770863534,0.22711657097363117
20.0,47.9397,0.861281,4.382635308945094,2.1946927493328428,2.1946927493328428,0.11643047965753356
20.0,52.6264,0.562719,4.248069481620558,1.5992954937381616,1.5992954937381616,0.12364193355932007
20.0,57.7713,0.325983,4.113503230453252,0.6903372539578241,0.6903372539578241,0.6370340980320615
20.0,63.4192,0.201863,3.978936511060696,-0.5479189065547252,-0.5479189065547252,1.7104224425150092
20.0,69.6192,0.18085,3.844370953746222,-2.2528710590180614,-2.2528710590180614,3.9661367190762618
20.0,76.4253,0.0,3.7098058794938464,-6.727372685330227,-6.727372685330227,0.19500258042748078
20.0,83.8969,0.0,3.575238685870684,-6.727372685330227,-6.727372685330227,0.19500258042748078
20.0,92.0988,0.0,3.440673830910096,-6.727372685330227,-6.727372685330227,0.19500258042748078
20.0,101.103,0.0,3.3061022883397184,-6.727372685330227,-6.727372685330227,0.19500258042748078
20.0,110.987,0.0,3.171537392491127,-6.727372685330227,-6.727372685330227,0.19500258042748078
20.0,121.837,0.0,3.036975771081558,-6.727372685330227,-6.727372685330227,0.19500258042748078
20.0,133.748,0.0,2.9024107765448304,-6.727372685330227,-6.727372685330227,0.19500258042748078
20.0,146.824,0.0,2.7678402830350213,-6.727372685330227,-6.727372685330227,0.19500258042748078
20.0,161.177,0.0,2.6332822092929886,-6.727372685330227,-6.727372685330227,0.19500258042748078
20.0,176.935,0.0,2.4987086351467758,-6.727372685330227,-6.727372685330227,0.19500258042748078
20.0,194.232,0.0,2.3641471884756617,-6.727372685330227,-6.727372685330227,0.19500258042748078
20.0,213.221,0.0,2.2295785596802196,-6.727372685330227,-6.727372685330227,0.19500258042748078
20.0,234.066,0.0,2.0950127084673085,-6.727372685330227,-6.727372685330227,0.19500258042748078
20.0,256.948,0.0,1.960451672171464,-6.727372685330227,-6.727372685330227,0.19500258042748078
20.0,282.068,0.0,1.8258850902894332,-6.727372685330227,-6.727372685330227,0.19500258042748078
20.0,309.644,0.0,1.6913176037943332,-6.727372685330227,-6.727372685330227,0.19500258042748078
40.0,0.0439105,0.0,14.47507451220161,-7.617054320572999,-7.617054320572999,0.10511324495771156
40.0,0.0482033,0.0,14.340508557635813,-7.617054320572999,-7.617054320572999,0.10511324495771156
40.0,0.0529158,0.0,14.205941916970517,-7.617054320572999,-7.617054320572999,0.10511324495771156
40.0,0.0580889,0.0,14.071377963903002,-7.617054320572999,-7.617054320572999,0.10511324495771156
40.0,0.0637679,0.000657237,13.936810103188618,-5.58054546542513,-5.58054546542513,0.4390752220774632
40.0,0.070002,0.00130618,13.80224433310974,-4.925575244294254,-4.925575244294254,0.3940364507824666
40.0,0.0768455,0.00261519,13.6676796949081,-4.284836411312238,-4.284836411312238,0.31838865007670986
40.0,0.0843581,0.00470431,13.533113872802678,-3.739652049973141,-3.739652049973141,0.2590510833307923
40.0,0.0926052,0.00763462,13.398547267953667,-3.282075002115087,-3.282075002115087,0.22138066394751021
40.0,0.101658,0.0115593,13.263988626676865,-2.883594206765601,-2.883594206765601,0.1983058664450484
40.0,0.111597,0.0165864,13.129414135028378,-2.534862616947285,-2.534862616947285,0.18082451115874876
40.0,0.122507,0.0225487,12.994848192960312,-2.2370405774856503,-2.2370405774856503,0.16771150907563526
40.0,0.134483,0.0295218,12.86028856636446,-1.9741811258495567,-1.9741811258495567,0.15838886162985671
40.0,0.147631,0.0380022,12.725716684910308,-1.7266501139258925,-1.7266501139258925,0.15134032594437796
40.0,0.162064,0.0482643,12.591148725396932,-1.4917922481552441,-1.4917922481552441,0.14541443400610568
40.0,0.177907,0.0603806,12.456589102971321,-1.2714467649335663,-1.2714467649335663,0.14028052603447935
40.0,0.1953,0.07461,12.322020430324745,-1.062852273291448,-1.062852273291448,0.13602064106819953
40.0,0.214393,0.0917243,12.187454577439166,-0.8588538151023775,-0.8588538151023775,0.1324648357790886
40.0,0.235353,0.11196,12.052886136645343,-0.6616591199000057,-0.6616591199000057,0.12941065669703541
40.0,0.258361,0.134771,11.918324070171769,-0.4780425000759543,-0.4780425000759543,0.1268385454125761
40.0,0.283619,0.159077,11.783758195746348,-0.3135508069262891,-0.3135508069262891,0.12497231133224586
40.0,0.311346,0.184135,11.64919363515756,-0.1680936876788146,-0.1680936876788146,0.12380741900358404
40.0,0.341784,0.209888,11.514627518114517,-0.03770628828028988,-0.03770628828028988,0.12307560382589879
40.0,0.375198,0.23676,11.38006024198873,0.0823456919019927,0.0823456919019927,0.12248031250623322
40.0,0.411878,0.264865,11.24549531121787,0.19419870149152008,0.19419870149152008,0.12202736421771417
40.0,0.452145,0.294275,11.110926869665022,0.2993455205446609,0.2993455205446609,0.12181859373079414
40.0,0.496347,0.32482,10.97636330702916,0.3980986687223913,0.3980986687223913,0.12181388401753535
40.0,0.544872,0.356806,10.841795024254486,0.49203825265020784,0.49203825265020784,0.12184011763147395
40.0,0.59814,0.390229,10.707229179964555,0.5816072372677961,0.5816072372677961,0.12187894491729842
40.0,0.656615,0.425403,10.572664671706132,0.668006909352941,0.668006909352941,0.12201536483111197
40.0,0.720807,0.462685,10.438099357831614,0.7521979900154716,0.7521979900154716,0.12227212748846743
40.0,0.791275,0.502726,10.30353320294686,0.835399128030704,0.835399128030704,0.12255825813405934
40.0,0.868632,0.546373,10.168967277562471,0.9188001626542452,0.9188001626542452,0.12276251583520374
40.0,0.953552,0.594704,10.03440076445499,1.0036707025356701,1.0036707025356701,0.12291614156925026
40.0,1.04677,0.649117,9.899839801620729,1.0913322687535638,1.0913322687535638,0.12307508670361726
40.0,1.14911,0.710683,9.765267376270275,1.1820576118730686,1.1820576118730686,0.12323325440949498
40.0,1.26145,0.780375,9.630701261210834,1.2756469367125134,1.2756469367125134,0.12329156374352691
40.0,1.38477,0.858907,9.496137909408768,1.37148587696099,1.37148587696099,0.12322490186290637
40.0,1.52015,0.947047,9.36157059679652,1.4690829801021064,1.4690829801021064,0.12309625293824235
40.0,1.66876,1.04535,9.227007802524259,1.5677778341822153,1.5677778341822153,0.12300650679542463
40.0,1.8319,1.15424,9.092443533105898,1.6668045798937463,1.6668045798937463,0.12291654096183723
40.0,2.011,1.27384,8.957871203018822,1.765310580706955,1.765310580706955,0.12279231500031944
40.0,2.2076,1.40372,8.823305494019841,1.8622864485012642,1.8622864485012642,0.12263105625124028
40.0,2.42342,1.54307,8.688739826464873,1.9568443194059282,1.9568443194059282,0.12250347707338038
40.0,2.66033,1.69064,8.554179069073188,2.0481589932476965,2.0481589932476965,0.12247725315830109
40.0,2.92042,1.84512,8.419608419548556,2.1356092589835405,2.1356092589835405,0.12249578668125258
40.0,3.20592,2.00472,8.285045859495044,2.2185785884660456,2.2185785884660456,0.1225088616184099
40.0,3.51934,2.16712,8.150479386482726,2.296474462718388,2.296474462718388,0.12251052652813638
40.0,3.8634,2.3293,8.015913228852217,2.3686913942372247,2.3686913942372247,0.12257874165767067
40.0,4.2411,2.48803,7.881345784325423,2.4347325646499742,2.4347325646499742,0.12274523841459924
40.0,4.65572,2.64029,7.746779989035808,2.494295490675343,2.494295490675343,0.12297914806113491
40.0,5.11087,2.78333,7.612215389223115,2.5472053763748708,2.5472053763748708,0.12319211832893275
40.0,5.61052,2.91449,7.4776497942817235,2.593394852165013,2.593394852165013,0.12339389973701015
40.0,6.15902,3.03099,7.343083471666689,2.6327964521676073,2.6327964521676073,0.12368685202706875
40.0,6.76114,3.13107,7.2085177639409865,2.6655815084094927,2.6655815084094927,0.12411048804659912
40.0,7.42212,3.21358,7.073952958107196,2.6919410270336277,2.6919410270336277,0.12460367706490273
40.0,8.14773,3.27725,6.939386111687087,2.7118554602970404,2.7118554602970404,0.12502137587524556
40.0,8.94427,3.31946,6.804820545297883,2.724903972505139,2.724903972505139,0.1253764130685179
40.0,9.81869,3.33634,6.670253730241701,2.7303328157792524,2.7303328157792524,0.1258806715654662
40.0,10.7786,3.32522,6.535686386844111,2.727633597066263,2.727633597066263,0.12678483730096576
40.0,11.8323,3.28544,6.401125653199968,2.7164784148986767,2.7164784148986767,0.12802944428237567
40.0,12.9891,3.21475,6.266554718228267,2.6956478555998875,2.6956478555998875,0.12933113122097106
40.0,14.2589,3.10101,6.131993500121705,2.6605761238532635,2.6605761238532635,0.13067463062975332
40.0,15.6529,2.92238,5.997426220921714,2.602644919127831,2.602644919127831,0.1326521358746306
40.0,17.1832,2.65979,5.86285745747583,2.5110831099232733,2.5110831099232733,0.13631405984574274
40.0,18.863,2.32048,5.728297047116338,2.378591188697608,2.378591188697608,0.14194431309622096
40.0,20.7071,1.95376,5.593730669464664,2.2103500599973707,2.2103500599973707,0.14728609615853766
40.0,22.7315,1.63449,5.459163302312336,2.031368934899601,2.031368934899601,0.14649946379340706
40.0,24.9538,1.4261,5.324596661838943,1.8852451677084563,1.8852451677084563,0.1327301376798863
40.0,27.3934,1.348,5.190027848933399,1.8106958790203191,1.8106958790203191,0.10695205733524397
40.0,30.0714,1.37034,5.055464154385576,1.8095524028246084,1.8095524028246084,0.08208969085044777
40.0,33.0113,1.42342,4.920896236109048,1.8425082914315318,1.8425082914315318,0.07495123037506309
40.0,36.2385,1.42152,4.78633294982513,1.855861417283751,1.855861417283751,0.09572437417286049
40.0,39.7813,1.30865,4.651765767476664,1.8089874115614024,1.8089874115614024,0.14643332703549108
40.0,43.6704,1.09275,4.517200444198726,1.6818539717419134,1.6818539717419134,0.22162024127538876
40.0,47.9397,0.839419,4.382635308945094,1.4738383670793622,1.4738383670793622,0.30043032301214245
40.0,52.6264,0.625549,4.248069481620558,1.201410631677879,1.201410631677879,0.33105170420189334
40.0,57.7713,0.492347,4.113503230453252,0.8873020899641233,0.8873020899641233,0.2254628002622934
40.0,63.4192,0.436209,3.978936511060696,0.5204752414774689,0.5204752414774689,0.1221008052193612
40.0,69.6192,0.427696,3.844370953746222,0.11017342109472095,0.11017342109472095,0.6744827188459267
40.0,76.4253,0.433762,3.7098058794938464,-0.1617000045272432,-0.1617000045272432,1.0788866461950612
40.0,83.8969,0.438667,3.575238685870684,0.06047147573568523,0.06047147573568523,0.7805909723816445
40.0,92.0988,0.453073,3.440673830910096,0.5071006297125891,0.5071006297125891,0.19465899196140887
40.0,101.103,0.50282,3.3061022883397184,0.8924107704803617,0.8924107704803617,0.20292049034335452
40.0,110.987,0.602734,3.171537392491127,1.1573017951166564,1.1573017951166564,0.3212156450885308
40.0,121.837,0.741745,3.036975771081558,1.2992125883030932,1.2992125883030932,0.2284167140287206
40.0,133.748,0.871354,2.9024107765448304,1.2963929426283096,1.2963929426283096,0.003319786562035377
40.0,146.824,0.924473,2.7678402830350213,1.1080918110724598,1.1080918110724598,0.35330462603941426
40.0,161.177,0.857226,2.6332822092929886,0.680996082461848,0.680996082461848,0.8505046062832746
40.0,176.935,0.676024,2.4987086351467758,-0.06731110800655538,-0.06731110800655538,1.5729332238279303
40.0,194.232,0.435004,2.3641471884756617,-1.2660756296916196,-1.2660756296916196,2.644753194908784
40.0,213.221,0.208722,2.2295785596802196,-3.2086155871632918,-3.2086155871632918,4.353388985380997
40.0,234.066,0.0,2.0950127084673085,-7.617054320572999,-7.617054320572999,0.10511324495771156
40.0,256.948,0.0,1.960451672171464,-7.617054320572999,-7.617054320572999,0.10511324495771156
40.0,282.068,0.0,1.8258850902894332,-7.617054320572999,-7.617054320572999,0.10511324495771156
40.0,309.644,0.0,1.6913176037943332,-7.617054320572999,-7.617054320572999,0.10511324495771156
50.0,0.0439105,0.000420826,14.47507451220161,-7.279738761248913,-7.279738761248913,0.8766939827050758
50.0,0.0482033,0.00068147,14.340508557635813,-6.702390784671293,-6.702390784671293,0.7418979433007493
50.0,0.0529158,0.00134163,14.205941916970517,-5.983292402821853,-5.983292402821853,0.682911039249815
50.0,0.0580889,0.00278393,14.071377963903002,-5.266412154144611,-5.266412154144611,0.7014344893322236
50.0,0.0637679,0.00533554,13.936810103188618,-4.623785201806415,-4.623785201806415,0.7126061360973514
50.0,0.070002,0.00886278,13.80224433310974,-4.084255086073712,-4.084255086073712,0.6672668331332372
50.0,0.0768455,0.0127882,13.6676796949081,-3.6561088694801254,-3.6561088694801254,0.5803155654531512
50.0,0.0843581,0.0170575,13.533113872802678,-3.3076402868325316,-3.3076402868325316,0.4948949963330569
50.0,0.0926052,0.0219953,13.398547267953667,-3.0027614936234097,-3.0027614936234097,0.42327923745091567
50.0,0.101658,0.0279204,13.263988626676865,-2.7190752067127124,-2.7190752067127124,0.35941692154016747
50.0,0.111597,0.0344488,13.129414135028378,-2.4672038038873993,-2.4672038038873993,0.3003666555636309
50.0,0.122507,0.0413188,12.994848192960312,-2.2502878605400807,-2.2502878605400807,0.25076664345991345
50.0,0.134483,0.0488535,12.86028856636446,-2.053848995471667,-2.053848995471667,0.20985281797048186
50.0,0.147631,0.0576228,12.725716684910308,-1.860529283306224,-1.860529283306224,0.16993322728548305
50.0,0.162064,0.0676435,12.591148725396932,-1.6729593495623098,-1.6729593495623098,0.13141430770943163
50.0,0.177907,0.078917,12.456589102971321,-1.4937901519534194,-1.4937901519534194,0.09602531379475367
50.0,0.1953,0.09187,12.322020430324745,-1.3195627511730819,-1.3195627511730819,0.06455972140767337
50.0,0.214393,0.107428,12.187454577439166,-1.1414946273901942,-1.1414946273901942,0.03398187530282126
50.0,0.235353,0.125757,12.052886136645343,-0.9631569670048932,-0.9631569670048932,0.004556273348758668
50.0,0.258361,0.146234,11.918324070171769,-0.7933027905976826,-0.7933027905976826,0.02231034981118643
50.0,0.283619,0.168246,11.783758195746348,-0.6369162047865906,-0.6369162047865906,0.04517460534146416
50.0,0.311346,0.191183,11.64919363515756,-0.4953311740899262,-0.4953311740899262,0.06466408080605904
50.0,0.341784,0.215109,11.514627518114517,-0.36530642456782525,-0.36530642456782525,0.08179156136806426
50.0,0.375198,0.24027,11.38006024198873,-0.2433963145571134,-0.2433963145571134,0.0977604301584621
50.0,0.411878,0.267438,11.24549531121787,-0.1258914753550444,-0.1258914753550444,0.11244048515293281
50.0,0.452145,0.296918,11.110926869665022,-0.01161387051685514,-0.01161387051685514,0.12617159686327545
50.0,0.496347,0.328648,10.97636330702916,0.0989469718563405,0.0989469718563405,0.13894135078054495
50.0,0.544872,0.362647,10.841795024254486,0.2060176492667649,0.2060176492667649,0.15114323809593438
50.0,0.59814,0.399202,10.707229179964555,0.31007410487846876,0.31007410487846876,0.16248354866354467
50.0,0.656615,0.438895,10.572664671706132,0.4122575378685709,0.4122575378685709,0.17293569410875761
50.0,0.720807,0.48208,10.438099357831614,0.5128099203232339,0.5128099203232339,0.1824144768946719
50.0,0.791275,0.528995,10.30353320294686,0.6117402898221194,0.6117402898221194,0.19098668271189753
50.0,0.868632,0.58007,10.168967277562471,0.7092548027144963,0.7092548027144963,0.19854523983388062
50.0,0.953552,0.636303,10.03440076445499,0.806263617285595,0.806263617285595,0.20488478517381029
50.0,1.04677,0.698796,9.899839801620729,0.9034259981870654,0.9034259981870654,0.20980397394950054
50.0,1.14911,0.767974,9.765267376270275,1.000186212554734,1.000186212554734,0.21314602944616426
50.0,1.26145,0.843787,9.630701261210834,1.0955823884933307,1.0955823884933307,0.21491657005292997
50.0,1.38477,0.926485,9.496137909408768,1.189163329561858,1.189163329561858,0.21503420223485115
50.0,1.52015,1.01666,9.36157059679652,1.2809473337914548,1.2809473337914548,0.2134839927018146
50.0,1.66876,1.11476,9.227007802524259,1.370723230064883,1.370723230064883,0.210174033947903
50.0,1.8319,1.22055,9.092443533105898,1.4578497781071862,1.4578497781071862,0.20517352515066947
50.0,2.011,1.3338,8.957871203018822,1.5418527032434488,1.5418527032434488,0.19848781745142427
50.0,2.2076,1.45425,8.823305494019841,1.62242537326648,1.62242537326648,0.1901642901904387
50.0,2.42342,1.58175,8.688739826464873,1.6994230070314442,1.6994230070314442,0.180202723340043
50.0,2.66033,1.71557,8.554179069073188,1.772454834770771,1.772454834770771,0.16863200962665983
50.0,2.92042,1.85443,8.419608419548556,1.841032115518165,1.841032115518165,0.15554388234987948
50.0,3.20592,1.99693,8.285045859495044,1.904790471969152,1.904790471969152,0.14101245109942193
50.0,3.51934,2.14184,8.150479386482726,1.9636199708140547,1.9636199708140547,0.1251382254468919
50.0,3.8634,2.28775,8.015913228852217,2.0174060100835494,2.0174060100835494,0.10800150695414044
50.0,4.2411,2.43245,7.881345784325423,2.065795623938886,2.065795623938886,0.08970078553865432
50.0,4.65572,2.57348,7.746779989035808,2.1084719133647223,2.1084719133647223,0.07034897104734911
50.0,5.11087,2.70864,7.612215389223115,2.145334227726991,2.145334227726991,0.050089964398579316
50.0,5.61052,2.83649,7.4776497942817235,2.1766035491044615,2.1766035491044615,0.02908693145135703
50.0,6.15902,2.95534,7.343083471666689,2.202387331912262,2.202387331912262,0.007502428583536452
50.0,6.76114,3.06301,7.2085177639409865,2.222599929410299,2.222599929410299,0.014519410371712572
50.0,7.42212,3.15655,7.073952958107196,2.236893371482033,2.236893371482033,0.0368471899369597
50.0,8.14773,3.23273,6.939386111687087,2.2448904784804906,2.2448904784804906,0.05926277961197537
50.0,8.94427,3.28791,6.804820545297883,2.246162792818088,2.246162792818088,0.08139919400351484
50.0,9.81869,3.31677,6.670253730241701,2.2398326926533976,2.2398326926533976,0.1027105628166189
50.0,10.7786,3.3126,6.535686386844111,2.2246160516116493,2.2246160516116493,0.1224510081822917
50.0,11.8323,3.26852,6.401125653199968,2.1990301201096067,2.1990301201096067,0.13969003820889567
50.0,12.9891,3.17933,6.266554718228267,2.1616681339898047,2.1616681339898047,0.15340110148891972
50.0,14.2589,3.03979,6.131993500121705,2.109976704611956,2.109976704611956,0.16303102001632885
50.0,15.6529,2.84453,5.997426220921714,2.0392934129180915,2.0392934129180915,0.16910182791314884
50.0,17.1832,2.59183,5.86285745747583,1.9431397293199857,1.9431397293199857,0.17351420490987704
50.0,18.863,2.2929,5.728297047116338,1.8167894636030633,1.8167894636030633,0.1788931205610035
50.0,20.7071,1.98029,5.593730669464664,1.6647441076164233,1.6647441076164233,0.18663065444613663
50.0,22.7315,1.70192,5.459163302312336,1.5077537188805565,1.5077537188805565,0.1944146494176438
50.0,24.9538,1.50186,5.324596661838943,1.3822427637625934,1.3822427637625934,0.19506274041613794
50.0,27.3934,1.39888,5.190027848933399,1.3209618322369296,1.3209618322369296,0.1812720482230228
50.0,30.0714,1.37755,5.055464154385576,1.3251435181298565,1.3251435181298565,0.1536283544604947
50.0,33.0113,1.39275,4.920896236109048,1.359158499873963,1.359158499873963,0.12104299187424318
50.0,36.2385,1.38513,4.78633294982513,1.3733447609989393,1.3733447609989393,0.09322191376153471
50.0,39.7813,1.30983,4.651765767476664,1.330333919371875,1.330333919371875,0.07499864258606816
50.0,43.6704,1.16041,4.517200444198726,1.215287510648892,1.215287510648892,0.06640367745149466
50.0,47.9397,0.968517,4.382635308945094,1.03710845651921,1.03710845651921,0.06274994330932472
50.0,52.6264,0.779385,4.248069481620558,0.8262330918135752,0.8262330918135752,0.053719449007404406
50.0,57.7713,0.624099,4.113503230453252,0.6235540049075237,0.6235540049075237,0.026118171339412518
50.0,63.4192,0.509955,3.978936511060696,0.45787977311344186,0.45787977311344186,0.025235163506400902
50.0,69.6192,0.430474,3.844370953746222,0.3317253733690748,0.3317253733690748,0.08644396645412522
50.0,76.4253,0.382296,3.7098058794938464,0.24070972078713604,0.24070972078713604,0.12558387806047486
50.0,83.8969,0.371973,3.575238685870684,0.20494090755577243,0.20494090755577243,0.1137116873416802
50.0,92.0988,0.411137,3.440673830910096,0.2619949777704864,0.2619949777704864,0.05282816561174108
50.0,101.103,0.505662,3.3061022883397184,0.41995892396954737,0.41995892396954737,0.016437219355008203
50.0,110.987,0.639454,3.171537392491127,0.6328306102827703,0.6328306102827703,0.04737248911532286
50.0,121.837,0.769508,3.036975771081558,0.8309501041080587,0.8309501041080587,0.02901199276593878
50.0,133.748,0.839826,2.9024107765448304,0.960630382690963,0.960630382690963,0.030720004960096085
50.0,146.824,0.811607,2.7678402830350213,0.9914684238280023,0.9914684238280023,0.1226672716773702
50.0,161.177,0.685973,2.6332822092929886,0.9067728872323113,0.9067728872323113,0.24072925344248505
50.0,176.935,0.498042,2.4987086351467758,0.6900269886018933,0.6900269886018933,0.38697019137966093
50.0,194.232,0.29826,2.3641471884756617,0.3081431201816289,0.3081431201816289,0.5719987564337398
50.0,213.221,0.134884,2.2295785596802196,-0.3081984928883683,-0.3081984928883683,0.8226098821861351
50.0,234.066,0.0400922,2.0950127084673085,-1.2788075295580534,-1.2788075295580534,1.1657324740115773
50.0,256.948,0.00610876,1.960451672171464,-2.796978182679344,-2.796978182679344,1.6794983600474425
50.0,282.068,0.0,1.8258850902894332,-8.005797529739366,-8.005797529739366,0.01302944007477311
50.0,309.644,0.0,1.6913176037943332,-8.005797529739366,-8.005797529739366,0.01302944007477311
60.0,0.0439105,0.0,14.47507451220161,-7.634504449730425,-7.634504449730425,0.11220974697952917
60.0,0.0482033,0.0,14.340508557635813,-7.634504449730425,-7.634504449730425,0.11220974697952917
60.0,0.0529158,0.0,14.205941916970517,-7.634504449730425,-7.634504449730425,0.11220974697952917
60.0,0.0580889,0.0,14.071377963903002,-7.634504449730425,-7.634504449730425,0.11220974697952917
60.0,0.0637679,1.1285e-06,13.936810103188618,-9.487850366449386,-9.487850366449386,3.7247236486087876
60.0,0.070002,2.89482e-05,13.80224433310974,-7.510014945977003,-7.510014945977003,1.9332215418878675
60.0,0.0768455,0.000249659,13.6676796949081,-5.972868672965731,-5.972868672965731,1.060027132975635
60.0,0.0843581,0.00107142,13.533113872802678,-4.840437713722092,-4.840437713722092,0.6015204221759816
60.0,0.0926052,0.00295712,13.398547267953667,-4.013292510966616,-4.013292510966616,0.3355270071623418
60.0,0.101658,0.0060487,13.263988626676865,-3.4049218447328293,-3.4049218447328293,0.1838428657810036
60.0,0.111597,0.0103658,13.129414135028378,-2.9254106937358095,-2.9254106937358095,0.10018166581442162
60.0,0.122507,0.0159485,12.994848192960312,-2.533636818061109,-2.533636818061109,0.04491564298700207
60.0,0.134483,0.0230139,12.86028856636446,-2.198807369951137,-2.198807369951137,0.00020364172105980847
60.0,0.147631,0.031678,12.725716684910308,-1.9025026505260754,-1.9025026505260754,0.033040737365330024
60.0,0.162064,0.0422421,12.591148725396932,-1.6305403208449478,-1.6305403208449478,0.055431401931407616
60.0,0.177907,0.0550573,12.456589102971321,-1.3781952399780364,-1.3781952399780364,0.07326750037608769
60.0,0.1953,0.0707567,12.322020430324745,-1.1395041243780075,-1.1395041243780075,0.09049496207209044
60.0,0.214393,0.0899365,12.187454577439166,-0.9101380057729731,-0.9101380057729731,0.10533079131466967
60.0,0.235353,0.112863,12.052886136645343,-0.6914791507797702,-0.6914791507797702,0.11722711768375134
60.0,0.258361,0.138866,11.918324070171769,-0.4907629038676271,-0.4907629038676271,0.12658708827069412
60.0,0.283619,0.166623,11.783758195746348,-0.31380393949870733,-0.31380393949870733,0.13403344830872851
60.0,0.311346,0.19495,11.64919363515756,-0.16081304832874643,-0.16081304832874643,0.139716393147437
60.0,0.341784,0.223625,11.514627518114517,-0.026464635123727653,-0.026464635123727653,0.1437879326544211
60.0,0.375198,0.253166,11.38006024198873,0.09560965809805522,0.09560965809805522,0.1466171588129349
60.0,0.411878,0.283889,11.24549531121787,0.20867572031751935,0.20867572031751935,0.14869867529358086
60.0,0.452145,0.315815,11.110926869665022,0.31421218462755984,0.31421218462755984,0.15016495752541784
60.0,0.496347,0.348653,10.97636330702916,0.4125818983190874,0.4125818983190874,0.1509439706259745
60.0,0.544872,0.382642,10.841795024254486,0.5056111759777981,0.5056111759777981,0.1509346230942569
60.0,0.59814,0.418082,10.707229179964555,0.5945522317814729,0.5945522317814729,0.1504208442952166
60.0,0.656615,0.455425,10.572664671706132,0.6807384942973247,0.6807384942973247,0.1495259311787024
60.0,0.720807,0.495243,10.438099357831614,0.765410798679468,0.765410798679468,0.14831705846155852
60.0,0.791275,0.538317,10.30353320294686,0.8498910424882382,0.8498910424882382,0.14678802625652035
60.0,0.868632,0.586119,10.168967277562471,0.9361172779946352,0.9361172779946352,0.1451602652520987
60.0,0.953552,0.640255,10.03440076445499,1.025600894407205,1.025600894407205,0.14354817132593273
60.0,1.04677,0.702894,9.899839801620729,1.1199599764886177,1.1199599764886177,0.14210635443694175
60.0,1.14911,0.775549,9.765267376270275,1.2191655815639444,1.2191655815639444,0.14091765491399602
60.0,1.26145,0.859726,9.630701261210834,1.3227880934861584,1.3227880934861584,0.14009749059241178
60.0,1.38477,0.956344,9.496137909408768,1.4296418216871078,1.4296418216871078,0.13960282546084402
60.0,1.52015,1.06646,9.36157059679652,1.5387870624522928,1.5387870624522928,0.13937246367544776
60.0,1.66876,1.19072,9.227007802524259,1.6490104212521661,1.6490104212521661,0.1393583993366052
60.0,1.8319,1.32942,9.092443533105898,1.7590872553828985,1.7590872553828985,0.13951079016231493
60.0,2.011,1.48219,8.957871203018822,1.867713016558421,1.867713016558421,0.13972604155001175
60.0,2.2076,1.64782,8.823305494019841,1.9735323909418878,1.9735323909418878,0.13988599483574857
60.0,2.42342,1.8245,8.688739826464873,2.075368548734842,2.075368548734842,0.13990949465337663
60.0,2.66033,2.00985,8.554179069073188,2.1722184842273826,2.1722184842273826,0.13977398475746589
60.0,2.92042,2.20116,8.419608419548556,2.2633658181858616,2.2633658181858616,0.1394587109503445
60.0,3.20592,2.39489,8.285045859495044,2.3480924583287983,2.3480924583287983,0.13893003056474282
60.0,3.51934,2.58686,8.150479386482726,2.425775469548982,2.425775469548982,0.13811611246521135
60.0,3.8634,2.7722,8.015913228852217,2.4957846270715685,2.4957846270715685,0.136966761689503
60.0,4.2411,2.94597,7.881345784325423,2.557638329844213,2.557638329844213,0.13547222520834062
60.0,4.65572,3.10349,7.746779989035808,2.611042376000894,2.611042376000894,0.1336126812426979
60.0,5.11087,3.24044,7.612215389223115,2.65583321586046,2.65583321586046,0.13133720949333547
60.0,5.61052,3.35321,7.4776497942817235,2.691987032812504,2.691987032812504,0.12858678472894303
60.0,6.15902,3.43889,7.343083471666689,2.719517572892623,2.719517572892623,0.12533424742022045
60.0,6.76114,3.4965,7.2085177639409865,2.7387335426351793,2.7387335426351793,0.12165411515997442
60.0,7.42212,3.52598,7.073952958107196,2.7499427706103132,2.7499427706103132,0.11767553030981932
60.0,8.14773,3.52736,6.939386111687087,2.753275328020112,2.753275328020112,0.1135159698232168
60.0,8.94427,3.50019,6.804820545297883,2.748506511442841,2.748506511442841,0.10932474077810435
60.0,9.81869,3.44529,6.670253730241701,2.735432313412849,2.735432313412849,0.10545690371960946
60.0,10.7786,3.36748,6.535686386844111,2.714599210501919,2.714599210501919,0.1026139274175153
60.0,11.8323,3.2746,6.401125653199968,2.6872292550001786,2.6872292550001786,0.10176679873524565
60.0,12.9891,3.1699,6.266554718228267,2.6534477898198072,2.6534477898198072,0.10358516993689885
60.0,14.2589,3.03846,6.131993500121705,2.608282050777263,2.608282050777263,0.10756831022559547
60.0,15.6529,2.84532,5.997426220921714,2.539758648338207,2.539758648338207,0.11159617940078313
60.0,17.1832,2.55087,5.86285745747583,2.430207200745488,2.430207200745488,0.11203513115417303
60.0,18.863,2.14461,5.728297047116338,2.2624202601936556,2.2624202601936556,0.1039885116254324
60.0,20.7071,1.67707,5.593730669464664,2.031929825596246,2.031929825596246,0.08218266800237237
60.0,22.7315,1.24965,5.459163302312336,1.7641514847794744,1.7641514847794744,0.04483842106064314
60.0,24.9538,0.959484,5.324596661838943,1.5296784152630072,1.5296784152630072,0.0027654521581739807
60.0,27.3934,0.845013,5.190027848933399,1.4175958616772966,1.4175958616772966,0.01839270233150742
60.0,30.0714,0.886823,5.055464154385576,1.4550091074320735,1.4550091074320735,0.003005838514339441
60.0,33.0113,1.02302,4.920896236109048,1.571576918810356,1.571576918810356,0.03418952160500294
60.0,36.2385,1.15055,4.78633294982513,1.664324595060302,1.664324595060302,0.06916779674257312
60.0,39.7813,1.16415,4.651765767476664,1.6622784617921331,1.6622784617921331,0.08868005671085007
60.0,43.6704,1.01507,4.517200444198726,1.5276661411038535,1.5276661411038535,0.08525580632988572
60.0,47.9397,0.736246,4.382635308945094,1.2354857541313953,1.2354857541313953,0.04428863362056301
60.0,52.6264,0.411152,4.248069481620558,0.747166401163192,0.747166401163192,0.08904621161688982
60.0,57.7713,0.172974,4.113503230453252,0.07355690832360473,0.07355690832360473,0.3608752958490536
60.0,63.4192,0.0686168,3.978936511060696,-0.6072046222707734,-0.6072046222707734,0.7057204696910381
60.0,69.6192,0.0639629,3.844370953746222,-0.7369090019604072,-0.7369090019604072,0.6216168995663954
60.0,76.4253,0.133982,3.7098058794938464,-0.30463201417819885,-0.30463201417819885,0.18727620989523405
60.0,83.8969,0.272733,3.575238685870684,0.19327505413702495,0.19327505413702495,0.11378265336314705
60.0,92.0988,0.416723,3.440673830910096,0.5445912566877356,0.5445912566877356,0.21647186132917043
60.0,101.103,0.506983,3.3061022883397184,0.7448852520009797,0.7448852520009797,0.21047806313840256
60.0,110.987,0.538218,3.171537392491127,0.8373158625655628,0.8373158625655628,0.16431190925533526
60.0,121.837,0.53345,3.036975771081558,0.8625657884478857,0.8625657884478857,0.11601897287994878
60.0,133.748,0.521163,2.9024107765448304,0.8553185176822029,0.8553185176822029,0.0933134599486613
60.0,146.824,0.50995,2.7678402830350213,0.8245421514531248,0.8245421514531248,0.10607842764237176
60.0,161.177,0.487646,2.6332822092929886,0.751761302009939,0.751761302009939,0.14575829109896604
60.0,176.935,0.426243,2.4987086351467758,0.5868924970169034,0.5868924970169034,0.18859295086229583
60.0,194.232,0.31363,2.3641471884756617,0.2607595278115724,0.2607595278115724,0.21594003720124202
60.0,213.221,0.171274,2.2295785596802196,-0.3487221560506195,-0.3487221560506195,0.22234974804671087
60.0,234.066,0.0601058,2.0950127084673085,-1.38046652754082,-1.38046652754082,0.20055120287686115
60.0,256.948,0.0104559,1.960451672171464,-3.109055157624062,-3.109055157624062,0.17177011807155582
60.0,282.068,0.000628077,1.8258850902894332,-5.858516212816286,-5.858516212816286,0.0829605246223673
60.0,309.644,0.0,1.6913176037943332,-7.634504449730425,-7.634504449730425,0.11220974697952917
70.0,0.0439105,0.0,14.47507451220161,-7.360342886534342,-7.360342886534342,0.1879913003257235
70.0,0.0482033,0.0,14.340508557635813,-7.360342886534342,-7.360342886534342,0.1879913003257235
70.0,0.0529158,0.0,14.205941916970517,-7.360342886534342,-7.360342886534342,0.1879913003257235
70.0,0.0580889,0.0,14.071377963903002,-7.360342886534342,-7.360342886534342,0.1879913003257235
70.0,0.0637679,0.00548135,13.936810103188618,-7.771020430342503,-7.771020430342503,5.938218383195897
70.0,0.070002,0.00912278,13.80224433310974,-5.888833719915613,-5.888833719915613,3.9968375539654186
70.0,0.0768455,0.0131273,13.6676796949081,-4.626181877464694,-4.626181877464694,2.7258380142348413
70.0,0.0843581,0.0174316,13.533113872802678,-3.751508364571683,-3.751508364571683,1.889920570410763
70.0,0.0926052,0.0223575,13.398547267953667,-3.1157635683245837,-3.1157635683245837,1.3428071465610758
70.0,0.101658,0.028242,13.263988626676865,-2.6380245884533635,-2.6380245884533635,0.9976109329810467
70.0,0.111597,0.0346874,13.129414135028378,-2.2639807820070095,-2.2639807820070095,0.759347725844085
70.0,0.122507,0.0414217,12.994848192960312,-1.9583140214297643,-1.9583140214297643,0.577991282221716
70.0,0.134483,0.0487628,12.86028856636446,-1.692003575755543,-1.692003575755543,0.43211852377037646
70.0,0.147631,0.0572719,12.725716684910308,-1.4503872865109941,-1.4503872865109941,0.3178869586974674
70.0,0.162064,0.0669816,12.591148725396932,-1.2267791141099593,-1.2267791141099593,0.22313419799191136
70.0,0.177907,0.0778946,12.456589102971321,-1.017317519143142,-1.017317519143142,0.14037029231471765
70.0,0.1953,0.0904367,12.322020430324745,-0.8156173836371172,-0.8156173836371172,0.06625615670004763
70.0,0.214393,0.105539,12.187454577439166,-0.6166092995320862,-0.6166092995320862,0.0032137833223423533
70.0,0.235353,0.123403,12.052886136645343,-0.42271062667366843,-0.42271062667366843,0.04985288828930084
70.0,0.258361,0.143424,11.918324070171769,-0.24137614898254167,-0.24137614898254167,0.09367176076509715
70.0,0.283619,0.165009,11.783758195746348,-0.07736956782580773,-0.07736956782580773,0.12734678991368253
70.0,0.311346,0.187575,11.64919363515756,0.06828802927620092,0.06828802927620092,0.15206561598470764
70.0,0.341784,0.211215,11.514627518114517,0.19970685729305648,0.19970685729305648,0.17005585699175488
70.0,0.375198,0.236181,11.38006024198873,0.32127252093436454,0.32127252093436454,0.18397705774623552
70.0,0.411878,0.263281,11.24549531121787,0.43666155488267666,0.43666155488267666,0.19354504872831926
70.0,0.452145,0.292872,11.110926869665022,0.5470421178918126,0.5470421178918126,0.19901354723499254
70.0,0.496347,0.324935,10.97636330702916,0.6523873488516836,0.6523873488516836,0.20107224921491917
70.0,0.544872,0.359487,10.841795024254486,0.7533034607609124,0.7533034607609124,0.20087886832901225
70.0,0.59814,0.396836,10.707229179964555,0.8506220265046047,0.8506220265046047,0.19872004843549876
70.0,0.656615,0.437589,10.572664671706132,0.9453876972491346,0.9453876972491346,0.1944896465873789
70.0,0.720807,0.482147,10.438099357831614,1.03823737514925,1.03823737514925,0.1886641399790932
70.0,0.791275,0.530743,10.30353320294686,1.1296033610706244,1.1296033610706244,0.18206983342111605
70.0,0.868632,0.583774,10.168967277562471,1.2202897060273736,1.2202897060273736,0.17563563539063584
70.0,0.953552,0.642206,10.03440076445499,1.3112795552935173,1.3112795552935173,0.16940552458087316
70.0,1.04677,0.707145,9.899839801620729,1.4035505944109148,1.4035505944109148,0.1636700779683357
70.0,1.14911,0.778977,9.765267376270275,1.4969707960770262,1.4969707960770262,0.15896699489900065
70.0,1.26145,0.857541,9.630701261210834,1.5910004046319686,1.5910004046319686,0.1560567380535357
70.0,1.38477,0.94292,9.496137909408768,1.6850795364433555,1.6850795364433555,0.15487824520580357
70.0,1.52015,1.03565,9.36157059679652,1.7789920626301425,1.7789920626301425,0.15503301912667916
70.0,1.66876,1.13614,9.227007802524259,1.8724472096995566,1.8724472096995566,0.15623205139329532
70.0,1.8319,1.2441,9.092443533105898,1.9648478855342533,1.9648478855342533,0.15852993776893656
70.0,2.011,1.35911,8.957871203018822,2.055597196840145,2.055597196840145,0.16182733859130663
70.0,2.2076,1.4808,8.823305494019841,2.1440892360470496,2.1440892360470496,0.1657017614720609
70.0,2.42342,1.60903,8.688739826464873,2.229929843163242,2.229929843163242,0.16964964672786012
70.0,2.66033,1.74312,8.554179069073188,2.3126827891964825,2.3126827891964825,0.1734791221041702
70.0,2.92042,1.8818,8.419608419548556,2.3919362777752866,2.3919362777752866,0.17729938524410058
70.0,3.20592,2.02361,8.285045859495044,2.467266981725924,2.467266981725924,0.18108442097117952
70.0,3.51934,2.16741,8.150479386482726,2.5383517483473534,2.5383517483473534,0.18452789723049406
70.0,3.8634,2.31211,8.015913228852217,2.6049069245943395,2.6049069245943395,0.18725387170052668
70.0,4.2411,2.45585,7.881345784325423,2.666599207005425,2.666599207005425,0.1892053116805002
70.0,4.65572,2.59642,7.746779989035808,2.723164192945721,2.723164192945721,0.19048425051220225
70.0,5.11087,2.73187,7.612215389223115,2.7744383933331713,2.7744383933331713,0.19108022431778243
70.0,5.61052,2.8612,7.4776497942817235,2.8204553922288733,2.8204553922288733,0.19074397811884325
70.0,6.15902,2.98342,7.343083471666689,2.8612640621604664,2.8612640621604664,0.18930076427971754
70.0,6.76114,3.09699,7.2085177639409865,2.897036138316828,2.897036138316828,0.18705456545304439
70.0,7.42212,3.19936,7.073952958107196,2.9278641856581666,2.9278641856581666,0.18466161653490915
70.0,8.14773,3.2879,6.939386111687087,2.9537587816626094,2.9537587816626094,0.18267651706193563
70.0,8.94427,3.3601,6.804820545297883,2.974494552893231,2.974494552893231,0.18128224235480292
70.0,9.81869,3.41226,6.670253730241701,2.989566076771827,2.989566076771827,0.18081191869116997
70.0,10.7786,3.43857,6.535686386844111,2.998307228200834,2.998307228200834,0.18231139874151137
70.0,11.8323,3.43182,6.401125653199968,2.9998790031349163,2.9998790031349163,0.1873130895964026
70.0,12.9891,3.38555,6.266554718228267,2.9926760212705545,2.9926760212705545,0.19632357613290918
70.0,14.2589,3.29318,6.131993500121705,2.972595327740272,2.972595327740272,0.2070461686321682
70.0,15.6529,3.14644,5.997426220921714,2.932359627183675,2.932359627183675,0.21460698956125998
70.0,17.1832,2.93649,5.86285745747583,2.862522324724906,2.862522324724906,0.21350300068271955
70.0,18.863,2.66188,5.728297047116338,2.755426343819022,2.755426343819022,0.20089722366035906
70.0,20.7071,2.34113,5.593730669464664,2.6120778331265604,2.6120778331265604,0.17975531155828714
70.0,22.7315,2.01658,5.459163302312336,2.449034899979507,2.449034899979507,0.16022188044410918
70.0,24.9538,1.74203,5.324596661838943,2.300791856531115,2.300791856531115,0.15754741016529564
70.0,27.3934,1.55817,5.190027848933399,2.205599669977488,2.205599669977488,0.18066535783973633
70.0,30.0714,1.47343,5.055464154385576,2.1780420351612046,2.1780420351612046,0.22077444115564696
70.0,33.0113,1.46073,4.920896236109048,2.19496176656112,2.19496176656112,0.25694498490864015
70.0,36.2385,1.46502,4.78633294982513,2.2092500989698216,2.2092500989698216,0.27300443903884314
70.0,39.7813,1.42483,4.651765767476664,2.175714359740054,2.175714359740054,0.2649160519842155
70.0,43.6704,1.3011,4.517200444198726,2.0628804418416777,2.0628804418416777,0.23381541675855858
70.0,47.9397,1.09787,4.382635308945094,1.852952577749829,1.852952577749829,0.17711995912269168
70.0,52.6264,0.857196,4.248069481620558,1.54038867843968,1.54038867843968,0.0850500196158407
70.0,57.7713,0.63261,4.113503230453252,1.1418975839835332,1.1418975839835332,0.048845762840591736
70.0,63.4192,0.465179,3.978936511060696,0.7279362443725979,0.7279362443725979,0.19950122489013333
70.0,69.6192,0.367205,3.844370953746222,0.4481769714618,0.4481769714618,0.26067624332009964
70.0,76.4253,0.331681,3.7098058794938464,0.42814474306627526,0.42814474306627526,0.14511465438776908
70.0,83.8969,0.341197,3.575238685870684,0.608495494924274,0.608495494924274,0.06993687171713703
70.0,92.0988,0.368772,3.440673830910096,0.8227267614715661,0.8227267614715661,0.26299501564935845
70.0,101.103,0.381148,3.3061022883397184,0.9527080993231132,0.9527080993231132,0.4001343504434813
70.0,110.987,0.346882,3.171537392491127,0.9355990964271714,0.9355990964271714,0.5091618492888051
70.0,121.837,0.259583,3.036975771081558,0.7278018613557355,0.7278018613557355,0.6252842430586157
70.0,133.748,0.142957,2.9024107765448304,0.258873613070977,0.258873613070977,0.8057440642536382
70.0,146.824,0.0511545,2.7678402830350213,-0.578016389117066,-0.578016389117066,1.0755808464216368
70.0,161.177,0.00907755,2.6332822092929886,-1.9735658676139596,-1.9735658676139596,1.547216337733623
70.0,176.935,0.000586201,2.4987086351467758,-4.219383648133318,-4.219383648133318,2.2459496971727835
70.0,194.232,0.0,2.3641471884756617,-7.360342886534342,-7.360342886534342,0.1879913003257235
70.0,213.221,0.0,2.2295785596802196,-7.360342886534342,-7.360342886534342,0.1879913003257235
70.0,234.066,0.0,2.0950127084673085,-7.360342886534342,-7.360342886534342,0.1879913003257235
70.0,256.948,0.0,1.960451672171464,-7.360342886534342,-7.360342886534342,0.1879913003257235
70.0,282.068,0.0,1.8258850902894332,-7.360342886534342,-7.360342886534342,0.1879913003257235
70.0,309.644,0.0,1.6913176037943332,-7.360342886534342,-7.360342886534342,0.1879913003257235
80.0,0.0439105,2.85554e-06,14.47507451220161,-10.780503460903125,-10.780503460903125,0.8267662284220245
80.0,0.0482033,2.36603e-05,14.340508557635813,-8.553846229914818,-8.553846229914818,0.6682050846842325
80.0,0.0529158,8.48178e-05,14.205941916970517,-7.176031517668939,-7.176031517668939,0.525217028844897
80.0,0.0580889,0.000165397,14.071377963903002,-6.461567800157142,-6.461567800157142,0.45928568635765094
80.0,0.0637679,0.000282511,13.936810103188618,-5.899156154359301,-5.899156154359301,0.4210413883063833
80.0,0.070002,0.000583276,13.80224433310974,-5.153876388110987,-5.153876388110987,0.39228085741328766
80.0,0.0768455,0.00146601,13.6676796949081,-4.174043824484109,-4.174043824484109,0.309983035960774
80.0,0.0843581,0.00326407,13.533113872802678,-3.3147214043468907,-3.3147214043468907,0.22669722471220435
80.0,0.0926052,0.00613553,13.398547267953667,-2.6376866703165627,-2.6376866703165627,0.16176622107503288
80.0,0.101658,0.0100865,13.263988626676865,-2.113372508846461,-2.113372508846461,0.12328161012033031
80.0,0.111597,0.0153128,13.129414135028378,-1.6789056833090141,-1.6789056833090141,0.09927442742655586
80.0,0.122507,0.0217385,12.994848192960312,-1.3154865082037324,-1.3154865082037324,0.08085659672684531
80.0,0.134483,0.0294159,12.86028856636446,-1.0027727588286304,-1.0027727588286304,0.06634211710653541
80.0,0.147631,0.0387357,12.725716684910308,-0.7210463430506535,-0.7210463430506535,0.05714958070112833
80.0,0.162064,0.0502016,12.591148725396932,-0.4574317611010996,-0.4574317611010996,0.05102697122099647
80.0,0.177907,0.0640227,12.456589102971321,-0.21014362892765215,-0.21014362892765215,0.045232481606050624
80.0,0.1953,0.0806509,12.322020430324745,0.0248872612105151,0.0248872612105151,0.03937956888930439
80.0,0.214393,0.100987,12.187454577439166,0.25323245876846734,0.25323245876846734,0.03445334585727465
80.0,0.235353,0.125548,12.052886136645343,0.47376319427315217,0.47376319427315217,0.030444933411590148
80.0,0.258361,0.1538,11.918324070171769,0.6788077390833536,0.6788077390833536,0.02750387364197902
80.0,0.283619,0.184524,11.783758195746348,0.8620686202705579,0.8620686202705579,0.025899587037219864
80.0,0.311346,0.216717,11.64919363515756,1.023067633450753,1.023067633450753,0.025636268155153564
80.0,0.341784,0.250375,11.514627518114517,1.1669893997582883,1.1669893997582883,0.026266544593843543
80.0,0.375198,0.286214,11.38006024198873,1.2999491893914055,1.2999491893914055,0.027426481353118454
80.0,0.411878,0.324723,11.24549531121787,1.425020883880579,1.425020883880579,0.02906843132602687
80.0,0.452145,0.366075,11.110926869665022,1.5434753424341334,1.5434753424341334,0.03106425530706909
80.0,0.496347,0.410095,10.97636330702916,1.6554480862600118,1.6554480862600118,0.033295694674098104
80.0,0.544872,0.457172,10.841795024254486,1.762452847330663,1.762452847330663,0.035651896734105695
80.0,0.59814,0.507576,10.707229179964555,1.8652782332786177,1.8652782332786177,0.03814286386510722
80.0,0.656615,0.561711,10.572664671706132,1.9648059292318378,1.9648059292318378,0.04070730455584114
80.0,0.720807,0.619954,10.438099357831614,2.061700923964918,2.061700923964918,0.043200286235478114
80.0,0.791275,0.682827,10.30353320294686,2.1567053437026455,2.1567053437026455,0.04545147624358964
80.0,0.868632,0.751323,10.168967277562471,2.250943215501535,2.250943215501535,0.047369499872178526
80.0,0.953552,0.826538,10.03440076445499,2.3452412262871403,2.3452412262871403,0.04894243051014384
80.0,1.04677,0.909836,9.899839801620729,2.440473550335562,2.440473550335562,0.050054209163625525
80.0,1.14911,1.00172,9.765267376270275,2.536312301246168,2.536312301246168,0.05057843985440338
80.0,1.26145,1.10263,9.630701261210834,2.632375184946021,2.632375184946021,0.050460818334916016
80.0,1.38477,1.21272,9.496137909408768,2.727969176136945,2.727969176136945,0.04985771884214071
80.0,1.52015,1.33235,9.36157059679652,2.822723570829164,2.822723570829164,0.04890190139708773
80.0,1.66876,1.46134,9.227007802524259,2.9160193656751607,2.9160193656751607,0.04764852323207148
80.0,1.8319,1.5991,9.092443533105898,3.007198742099038,3.007198742099038,0.04610387894259179
80.0,2.011,1.7448,8.957871203018822,3.0955972797986284,3.0955972797986284,0.04440742685150126
80.0,2.2076,1.89723,8.823305494019841,3.1805384650934787,3.1805384650934787,0.04272989587782101
80.0,2.42342,2.0548,8.688739826464873,3.261409058111319,3.261409058111319,0.04119264420837376
80.0,2.66033,2.21531,8.554179069073188,3.3376119789548837,3.3376119789548837,0.039793857033293904
80.0,2.92042,2.37639,8.419608419548556,3.408715054896001,3.408715054896001,0.03850282846703026
80.0,3.20592,2.5355,8.285045859495044,3.4743052312723,3.4743052312723,0.03739712620398217
80.0,3.51934,2.69012,8.150479386482726,3.5340718132968294,3.5340718132968294,0.03658871082955639
80.0,3.8634,2.83726,8.015913228852217,3.587651475895366,3.587651475895366,0.036126733715328783
80.0,4.2411,2.9735,7.881345784325423,3.6346922783220528,3.6346922783220528,0.035928899387607856
80.0,4.65572,3.09579,7.746779989035808,3.6749853016713865,3.6749853016713865,0.035943593711049084
80.0,5.11087,3.20179,7.612215389223115,3.708464007788523,3.708464007788523,0.036209746337611426
80.0,5.61052,3.29016,7.4776497942817235,3.735240148431437,3.735240148431437,0.03684618028064905
80.0,6.15902,3.35937,7.343083471666689,3.755373333899038,3.755373333899038,0.0378136085839444
80.0,6.76114,3.40845,7.2085177639409865,3.7690912258174727,3.7690912258174727,0.03892559649224149
80.0,7.42212,3.43656,7.073952958107196,3.776561524382279,3.776561524382279,0.03997639957164497
80.0,8.14773,3.44355,6.939386111687087,3.777890405484463,3.777890405484463,0.04097068200868456
80.0,8.94427,3.42931,6.804820545297883,3.772984594339805,3.772984594339805,0.04204827017194188
80.0,9.81869,3.39294,6.670253730241701,3.761594112198094,3.761594112198094,0.04307811400939953
80.0,10.7786,3.33405,6.535686386844111,3.7437712195151414,3.7437712195151414,0.04352199565255864
80.0,11.8323,3.2527,6.401125653199968,3.719669484981498,3.719669484981498,0.04267258220550827
80.0,12.9891,3.14836,6.266554718228267,3.688533750597015,3.688533750597015,0.04059651110881857
80.0,14.2589,3.01124,6.131993500121705,3.645712838512729,3.645712838512729,0.038179880071937664
80.0,15.6529,2.82072,5.997426220921714,3.5815063950033332,3.5815063950033332,0.0365488123575336
80.0,17.1832,2.55292,5.86285745747583,3.482391282741276,3.482391282741276,0.03564476620685626
80.0,18.863,2.20155,5.728297047116338,3.33629676704918,3.33629676704918,0.03284232009502158
80.0,20.7071,1.80291,5.593730669464664,3.1429947810394023,3.1429947810394023,0.023709830158216687
80.0,22.7315,1.42938,5.459163302312336,2.924674536489716,2.924674536489716,0.004135703353902003
80.0,24.9538,1.15787,5.324596661838943,2.7328123481949422,2.7328123481949422,0.022446540939564576
80.0,27.3934,1.02779,5.190027848933399,2.626623187127544,2.626623187127544,0.04080597914043385
80.0,30.0714,1.02833,5.055464154385576,2.6242449505870336,2.6242449505870336,0.03669981328067144
80.0,33.0113,1.1103,4.920896236109048,2.6827029496034163,2.6827029496034163,0.010910040994514921
80.0,36.2385,1.18924,4.78633294982513,2.728825490084529,2.728825490084529,0.020996961844469766
80.0,39.7813,1.17974,4.651765767476664,2.704331808924648,2.704331808924648,0.04429373848488123
80.0,43.6704,1.04089,4.517200444198726,2.574649983974904,2.574649983974904,0.05060659854296758
80.0,47.9397,0.789824,4.382635308945094,2.312777523157476,2.312777523157476,0.030597175450486885
80.0,52.6264,0.484638,4.248069481620558,1.8759827212322255,1.8759827212322255,0.042394789529625596
80.0,57.7713,0.217512,4.113503230453252,1.1986685328242905,1.1986685328242905,0.21752252689847995
80.0,63.4192,0.0605081,3.978936511060696,0.2203982965370188,0.2203982965370188,0.6434929075746084
80.0,69.6192,0.0083397,3.844370953746222,-1.01183125313921,-1.01183125313921,1.7034748878605437
80.0,76.4253,0.000328919,3.7098058794938464,-2.5432161920197145,-2.5432161920197145,4.109880978185187
80.0,83.8969,0.0,3.575238685870684,-6.565707697965956,-6.565707697965956,0.012725633494256445
80.0,92.0988,0.0,3.440673830910096,-6.565707697965956,-6.565707697965956,0.012725633494256445
80.0,101.103,0.0,3.3061022883397184,-6.565707697965956,-6.565707697965956,0.012725633494256445
80.0,110.987,0.0,3.171537392491127,-6.565707697965956,-6.565707697965956,0.012725633494256445
80.0,121.837,0.0,3.036975771081558,-6.565707697965956,-6.565707697965956,0.012725633494256445
80.0,133.748,0.0,2.9024107765448304,-6.565707697965956,-6.565707697965956,0.012725633494256445
80.0,146.824,0.0,2.7678402830350213,-6.565707697965956,-6.565707697965956,0.012725633494256445
80.0,161.177,0.0,2.6332822092929886,-6.565707697965956,-6.565707697965956,0.012725633494256445
80.0,176.935,0.0,2.4987086351467758,-6.565707697965956,-6.565707697965956,0.012725633494256445
80.0,194.232,0.0,2.3641471884756617,-6.565707697965956,-6.565707697965956,0.012725633494256445
80.0,213.221,0.0,2.2295785596802196,-6.565707697965956,-6.565707697965956,0.012725633494256445
80.0,234.066,0.0,2.0950127084673085,-6.565707697965956,-6.565707697965956,0.012725633494256445
80.0,256.948,0.0,1.960451672171464,-6.565707697965956,-6.565707697965956,0.012725633494256445
80.0,282.068,0.0,1.8258850902894332,-6.565707697965956,-6.565707697965956,0.012725633494256445
80.0,309.644,0.0,1.6913176037943332,-6.565707697965956,-6.565707697965956,0.012725633494256445
90.0,0.0439105,0.0,14.47507451220161,-7.753124176792031,-7.753124176792031,0.025841685111301627
90.0,0.0482033,0.0,14.340508557635813,-7.753124176792031,-7.753124176792031,0.025841685111301627
90.0,0.0529158,0.0,14.205941916970517,-7.753124176792031,-7.753124176792031,0.025841685111301627
90.0,0.0580889,0.0,14.071377963903002,-7.753124176792031,-7.753124176792031,0.025841685111301627
90.0,0.0637679,2.86139e-07,13.936810103188618,-13.106398872886894,-13.106398872886894,0.8018284613828086
90.0,0.070002,1.17099e-05,13.80224433310974,-9.612480538777831,-9.612480538777831,0.49382140814567943
90.0,0.0768455,0.000128027,13.6676796949081,-7.332686459287995,-7.332686459287995,0.33541186548208957
90.0,0.0843581,0.000668626,13.533113872802678,-5.76777670255456,-5.76777670255456,0.2108565268947621
90.0,0.0926052,0.00211078,13.398547267953667,-4.676637504924818,-4.676637504924818,0.1281974860334745
90.0,0.101658,0.0047332,13.263988626676865,-3.9065865522157472,-3.9065865522157472,0.07517436789517311
90.0,0.111597,0.0085521,13.129414135028378,-3.3354284062596595,-3.3354284062596595,0.046300066467951984
90.0,0.122507,0.0135963,12.994848192960312,-2.883352618023807,-2.883352618023807,0.029972911716348385
90.0,0.134483,0.0201416,12.86028856636446,-2.4990960135415974,-2.4990960135415974,0.017622546999094678
90.0,0.147631,0.0283832,12.725716684910308,-2.1632333351661743,-2.1632333351661743,0.007514576570659834
90.0,0.162064,0.0386166,12.591148725396932,-1.8609614904121115,-1.8609614904121115,0.00042336207833381946
90.0,0.177907,0.0511446,12.456589102971321,-1.583976306931656,-1.583976306931656,0.00606536094503882
90.0,0.1953,0.0666641,12.322020430324745,-1.3223533059879262,-1.3223533059879262,0.010854823170731661
90.0,0.214393,0.0858578,12.187454577439166,-1.0722852223291675,-1.0722852223291675,0.01503775372932185
90.0,0.235353,0.109056,12.052886136645343,-0.835547065083297,-0.835547065083297,0.018475586917815486
90.0,0.258361,0.135669,11.918324070171769,-0.6189723528527309,-0.6189723528527309,0.020995533966592872
90.0,0.283619,0.164492,11.783758195746348,-0.4276441168199243,-0.4276441168199243,0.022856080580499788
90.0,0.311346,0.194446,11.64919363515756,-0.2613171705686894,-0.2613171705686894,0.0242216543803837
90.0,0.341784,0.225286,11.514627518114517,-0.11473628683349135,-0.11473628683349135,0.02512015071800041
90.0,0.375198,0.257395,11.38006024198873,0.018243258395029827,0.018243258395029827,0.025490135272856675
90.0,0.411878,0.291067,11.24549531121787,0.141152684562456,0.141152684562456,0.025535651875907416
90.0,0.452145,0.326339,11.110926869665022,0.2556626071974013,0.2556626071974013,0.025356491544119515
90.0,0.496347,0.362936,10.97636330702916,0.36222061959391905,0.36222061959391905,0.024977170354764818
90.0,0.544872,0.400882,10.841795024254486,0.46217243593748725,0.46217243593748725,0.02425421467858297
90.0,0.59814,0.440356,10.707229179964555,0.5567684018425023,0.5567684018425023,0.023293122376154135
90.0,0.656615,0.481707,10.572664671706132,0.6472812624107411,0.6472812624107411,0.02221788752426916
90.0,0.720807,0.52545,10.438099357831614,0.7349799649782387,0.7349799649782387,0.021115211558584163
90.0,0.791275,0.572105,10.30353320294686,0.82088374646235,0.82088374646235,0.01993253469724025
90.0,0.868632,0.622814,10.168967277562471,0.9066733366382405,0.9066733366382405,0.018710353928683688
90.0,0.953552,0.678853,10.03440076445499,0.9936285142578853,0.9936285142578853,0.017581122531583747
90.0,1.04677,0.742096,9.899839801620729,1.083331339735461,1.083331339735461,0.01669183690056203
90.0,1.14911,0.813754,9.765267376270275,1.1759520353442499,1.1759520353442499,0.016067883846160126
90.0,1.26145,0.894928,9.630701261210834,1.271316602893417,1.271316602893417,0.015672740608336472
90.0,1.38477,0.986175,9.496137909408768,1.3685272340351586,1.3685272340351586,0.015502928049190583
90.0,1.52015,1.08829,9.36157059679652,1.4669888734197567,1.4669888734197567,0.015598349268541908
90.0,1.66876,1.20173,9.227007802524259,1.5658992268519216,1.5658992268519216,0.015943664568080655
90.0,1.8319,1.32654,9.092443533105898,1.6643543853580254,1.6643543853580254,0.01644812150371074
90.0,2.011,1.4621,8.957871203018822,1.761254765834014,1.761254765834014,0.017012858390479568
90.0,2.2076,1.60704,8.823305494019841,1.8553750528062682,1.8553750528062682,0.01757844783773168
90.0,2.42342,1.7598,8.688739826464873,1.9457582504379887,1.9457582504379887,0.018176647518215835
90.0,2.66033,1.91837,8.554179069073188,2.031611386566813,2.031611386566813,0.01877424435965402
90.0,2.92042,2.08039,8.419608419548556,2.112317773470376,2.112317773470376,0.019301918689074122
90.0,3.20592,2.24262,8.285045859495044,2.187136022988015,2.187136022988015,0.01968545279888317
90.0,3.51934,2.40139,8.150479386482726,2.25537412694053,2.25537412694053,0.01991852536352564
90.0,3.8634,2.55261,8.015913228852217,2.3163646573756673,2.3163646573756673,0.020028973080442818
90.0,4.2411,2.6922,7.881345784325423,2.369619480980919,2.369619480980919,0.020011315902282823
90.0,4.65572,2.81593,7.746779989035808,2.4147268915694005,2.4147268915694005,0.01976590207134806
90.0,5.11087,2.91964,7.612215389223115,2.451289242044059,2.451289242044059,0.019207839966675192
90.0,5.61052,3.00003,7.4776497942817235,2.47906211142146,2.47906211142146,0.01834389440151857
90.0,6.15902,3.05513,7.343083471666689,2.498018050210476,2.498018050210476,0.017274632279366358
90.0,6.76114,3.08511,7.2085177639409865,2.5086302505148055,2.5086302505148055,0.016076748009365073
90.0,7.42212,3.09068,7.073952958107196,2.511392499288405,2.511392499288405,0.014721322635379607
90.0,8.14773,3.07246,6.939386111687087,2.506548691217834,2.506548691217834,0.013209839896361673
90.0,8.94427,3.03137,6.804820545297883,2.4941272439255475,2.4941272439255475,0.011735615853540486
90.0,9.81869,2.97123,6.670253730241701,2.4747647484957827,2.4747647484957827,0.01077938315811932
90.0,10.7786,2.90059,6.535686386844111,2.450643986149185,2.450643986149185,0.010862706395568507
90.0,11.8323,2.82926,6.401125653199968,2.4249029314764234,2.4249029314764234,0.012053592246119644
90.0,12.9891,2.75937,6.266554718228267,2.398629736735307,2.398629736735307,0.013836058792032889
90.0,14.2589,2.67311,6.131993500121705,2.365801638882301,2.365801638882301,0.015346854121449345
90.0,15.6529,2.53386,5.997426220921714,2.311865663750569,2.311865663750569,0.01596517418829224
90.0,17.1832,2.30307,5.86285745747583,2.2166422691649217,2.2166422691649217,0.015572840721506746
90.0,18.863,1.97184,5.728297047116338,2.062373842708412,2.062373842708412,0.014148060055293793
90.0,20.7071,1.58669,5.593730669464664,1.8470002445622926,1.8470002445622926,0.011399630055387371
90.0,22.7315,1.23523,5.459163302312336,1.599908852305362,1.599908852305362,0.006730596152519523
90.0,24.9538,0.999667,5.324596661838943,1.3923654691629705,1.3923654691629705,0.0010074720356312253
90.0,27.3934,0.913964,5.190027848933399,1.3042882876384065,1.3042882876384065,0.0011900159141208994
90.0,30.0714,0.962662,5.055464154385576,1.3514519815005226,1.3514519815005226,0.005523943818283354
90.0,33.0113,1.09159,4.920896236109048,1.4649900425293905,1.4649900425293905,0.022706925985067957
90.0,36.2385,1.21309,4.78633294982513,1.552502229577788,1.552502229577788,0.04819570349801866
90.0,39.7813,1.24035,4.651765767476664,1.5529940377323674,1.5529940377323674,0.07892793073793324
90.0,43.6704,1.12965,4.517200444198726,1.43821748520898,1.43821748520898,0.10903767578499039
90.0,47.9397,0.897272,4.382635308945094,1.1991207726356032,1.1991207726356032,0.12147233584439432
90.0,52.6264,0.603415,4.248069481620558,0.839379775951778,0.839379775951778,0.0691282375480257
90.0,57.7713,0.332915,4.113503230453252,0.38592208447788545,0.38592208447788545,0.13064398312649816
90.0,63.4192,0.163382,3.978936511060696,-0.06220562759735593,-0.06220562759735593,0.5035275133694439
90.0,69.6192,0.105119,3.844370953746222,-0.27848977915457995,-0.27848977915457995,0.8213208508218955
90.0,76.4253,0.140996,3.7098058794938464,-0.05943991195613574,-0.05943991195613574,0.7158366238082938
90.0,83.8969,0.27344,3.575238685870684,0.3611609921106598,0.3611609921106598,0.37395078626423667
90.0,92.0988,0.486602,3.440673830910096,0.7188212412314376,0.7188212412314376,0.06465652148855441
90.0,101.103,0.696811,3.3061022883397184,0.9338817201932472,0.9338817201932472,0.13900040309861084
90.0,110.987,0.835424,3.171537392491127,1.0388232275018763,1.0388232275018763,0.2471646341078119
90.0,121.837,0.903051,3.036975771081558,1.096823334040801,1.096823334040801,0.2752219852933496
90.0,133.748,0.947163,2.9024107765448304,1.176039821858018,1.176039821858018,0.23063986839582418
90.0,146.824,1.02471,2.7678402830350213,1.305112500145865,1.305112500145865,0.1593932677647322
90.0,161.177,1.13584,2.6332822092929886,1.4444673528114977,1.4444673528114977,0.10792716101154327
90.0,176.935,1.21625,2.4987086351467758,1.522580278655795,1.522580278655795,0.09419085287027533
90.0,194.232,1.17143,2.3641471884756617,1.4679707237244126,1.4679707237244126,0.1183207659097444
90.0,213.221,0.9476,2.2295785596802196,1.2166877212706102,1.2166877212706102,0.17380739405961548
90.0,234.066,0.571561,2.0950127084673085,0.6583452814624056,0.6583452814624056,0.24845125708669163
90.0,256.948,0.232035,1.960451672171464,-0.3194459953488833,-0.3194459953488833,0.3563674686143874
90.0,282.068,0.0461527,1.8258850902894332,-2.0049366876998325,-2.0049366876998325,0.4561514559617252
90.0,309.644,0.00378218,1.6913176037943332,-4.6506382727767,-4.6506382727767,0.6598642299951184
100.0,0.0439105,0.0,14.47507451220161,-7.7749201906950045,-7.7749201906950045,0.052879978691903
100.0,0.0482033,0.0,14.340508557635813,-7.7749201906950045,-7.7749201906950045,0.052879978691903
100.0,0.0529158,0.0,14.205941916970517,-7.7749201906950045,-7.7749201906950045,0.052879978691903
100.0,0.0580889,0.0,14.071377963903002,-7.7749201906950045,-7.7749201906950045,0.052879978691903
100.0,0.0637679,1.03772e-06,13.936810103188618,-9.99186053067112,-9.99186053067112,3.3884538946449734
100.0,0.070002,2.71253e-05,13.80224433310974,-7.96129367606807,-7.96129367606807,1.644906737313239
100.0,0.0768455,0.000235805,13.6676796949081,-6.354354881727162,-6.354354881727162,0.8591703520554712
100.0,0.0843581,0.00102643,13.533113872802678,-5.158460826024437,-5.158460826024437,0.4703425249595046
100.0,0.0926052,0.0028672,13.398547267953667,-4.283884306098708,-4.283884306098708,0.2544307763076241
100.0,0.101658,0.00593022,13.263988626676865,-3.6455910121958013,-3.6455910121958013,0.12936893774656463
100.0,0.111597,0.0102347,13.129414135028378,-3.1484936232327287,-3.1484936232327287,0.060602510932867316
100.0,0.122507,0.0158386,12.994848192960312,-2.7431085891876164,-2.7431085891876164,0.016364415736492714
100.0,0.134483,0.0229902,12.86028856636446,-2.3968225477760194,-2.3968225477760194,0.020874653126897832
100.0,0.147631,0.0318512,12.725716684910308,-2.0910866017115888,-2.0910866017115888,0.04954228045087715
100.0,0.162064,0.0427309,12.591148725396932,-1.8121290949399986,-1.8121290949399986,0.07059956292437765
100.0,0.177907,0.0560076,12.456589102971321,-1.5531696024138792,-1.5531696024138792,0.08701234763480488
100.0,0.1953,0.072382,12.322020430324745,-1.3080846966315738,-1.3080846966315738,0.10311366133235317
100.0,0.214393,0.0925571,12.187454577439166,-1.0725823601865896,-1.0725823601865896,0.11777306709752913
100.0,0.235353,0.116891,12.052886136645343,-0.8481030045221165,-0.8481030045221165,0.13041156787573024
100.0,0.258361,0.144829,11.918324070171769,-0.6413160497492578,-0.6413160497492578,0.14105339020668287
100.0,0.283619,0.175144,11.783758195746348,-0.45783039921709223,-0.45783039921709223,0.15034350904806373
100.0,0.311346,0.206706,11.64919363515756,-0.29789136705991925,-0.29789136705991925,0.15847519316339786
100.0,0.341784,0.239326,11.514627518114517,-0.15621522987413927,-0.15621522987413927,0.16533838319758848
100.0,0.375198,0.273559,11.38006024198873,-0.026700004869768534,-0.026700004869768534,0.17124337036867754
100.0,0.411878,0.309805,11.24549531121787,0.09385596080813396,0.09385596080813396,0.17671606700285905
100.0,0.452145,0.348125,11.110926869665022,0.20674432371894325,0.20674432371894325,0.181991338818451
100.0,0.496347,0.388222,10.97636330702916,0.3122879960649372,0.3122879960649372,0.18690157021858628
100.0,0.544872,0.430252,10.841795024254486,0.4120452092087361,0.4120452092087361,0.19119587134857186
100.0,0.59814,0.474453,10.707229179964555,0.507000322381562,0.507000322381562,0.1952070969121554
100.0,0.656615,0.521165,10.572664671706132,0.5981400397547207,0.5981400397547207,0.19911656498827568
100.0,0.720807,0.570771,10.438099357831614,0.6863519564904106,0.6863519564904106,0.20294833621516759
100.0,0.791275,0.623742,10.30353320294686,0.7726775773637526,0.7726775773637526,0.2063751482579326
100.0,0.868632,0.681177,10.168967277562471,0.8585669257956869,0.8585669257956869,0.20948078175892254
100.0,0.953552,0.744229,10.03440076445499,0.9450931243288689,0.9450931243288689,0.21230977508799043
100.0,1.04677,0.81447,9.899839801620729,1.0334253303530159,1.0334253303530159,0.21493541212593084
100.0,1.14911,0.892747,9.765267376270275,1.123691554751297,1.123691554751297,0.21705589343940276
100.0,1.26145,0.979915,9.630701261210834,1.2158368184393167,1.2158368184393167,0.21849463435160046
100.0,1.38477,1.07634,9.496137909408768,1.3092311370243186,1.3092311370243186,0.21914732805679935
100.0,1.52015,1.18259,9.36157059679652,1.4034152254390886,1.4034152254390886,0.2190857575153557
100.0,1.66876,1.29877,9.227007802524259,1.497730469545909,1.497730469545909,0.21823082327916277
100.0,1.8319,1.42462,9.092443533105898,1.5914983808071796,1.5914983808071796,0.21641997583925526
100.0,2.011,1.55941,8.957871203018822,1.6839580703103407,1.6839580703103407,0.21351057593768097
100.0,2.2076,1.7018,8.823305494019841,1.7741775644507167,1.7741775644507167,0.20949346794455243
100.0,2.42342,1.85019,8.688739826464873,1.861331715510694,1.861331715510694,0.20446971613162057
100.0,2.66033,2.00244,8.554179069073188,1.9446975336462304,1.9446975336462304,0.1984059676224614
100.0,2.92042,2.15617,8.419608419548556,2.023767793575588,2.023767793575588,0.19118895688260262
100.0,3.20592,2.30853,8.285045859495044,2.0980217924228057,2.0980217924228057,0.18273685271084986
100.0,3.51934,2.45642,8.150479386482726,2.1669252148112212,2.1669252148112212,0.1731069418327943
100.0,3.8634,2.59629,8.015913228852217,2.229892977433529,2.229892977433529,0.1623741001541063
100.0,4.2411,2.72445,7.881345784325423,2.2864653553918615,2.2864653553918615,0.15050982699706697
100.0,4.65572,2.83733,7.746779989035808,2.336367926232242,2.336367926232242,0.13734961576598295
100.0,5.11087,2.93177,7.612215389223115,2.379426585940095,2.379426585940095,0.12276088192700185
100.0,5.61052,3.00549,7.4776497942817235,2.4155723690865063,2.4155723690865063,0.10676400084896508
100.0,6.15902,3.05688,7.343083471666689,2.4447584635319703,2.4447584635319703,0.08946544982163485
100.0,6.76114,3.08571,7.2085177639409865,2.467287034598484,2.467287034598484,0.07088044591743659
100.0,7.42212,3.09213,7.073952958107196,2.48354365316486,2.48354365316486,0.05082941280231135
100.0,8.14773,3.07653,6.939386111687087,2.4938079282030836,2.4938079282030836,0.029160676509516644
100.0,8.94427,3.03949,6.804820545297883,2.498034970788677,2.498034970788677,0.00605293192895194
100.0,9.81869,2.98275,6.670253730241701,2.4960597045367137,2.4960597045367137,0.017803122926554206
100.0,10.7786,2.9105,6.535686386844111,2.4881894343893514,2.4881894343893514,0.04135053661252868
100.0,11.8323,2.82779,6.401125653199968,2.474997155511666,2.474997155511666,0.06346476520805058
100.0,12.9891,2.73551,6.266554718228267,2.455756995371615,2.455756995371615,0.08317527842649487
100.0,14.2589,2.62144,6.131993500121705,2.425117802521949,2.425117802521949,0.10008207739025352
100.0,15.6529,2.46051,5.997426220921714,2.3720698409478933,2.3720698409478933,0.11465862831401655
100.0,17.1832,2.22662,5.86285745747583,2.281948974576961,2.281948974576961,0.12846564988708672
100.0,18.863,1.91651,5.728297047116338,2.1429457535647733,2.1429457535647733,0.14398762787815256
100.0,20.7071,1.56991,5.593730669464664,1.957089949583534,1.957089949583534,0.16326580081471403
100.0,22.7315,1.25892,5.459163302312336,1.7516591536776183,1.7516591536776183,0.18495034242725206
100.0,24.9538,1.05226,5.324596661838943,1.58321966245455,1.58321966245455,0.20032918979109274
100.0,27.3934,0.979854,5.190027848933399,1.5092933546599099,1.5092933546599099,0.19660361709340632
100.0,30.0714,1.02805,5.055464154385576,1.5383458155153518,1.5383458155153518,0.16978582713652246
100.0,33.0113,1.14502,4.920896236109048,1.6176543208759933,1.6176543208759933,0.12955174154098292
100.0,36.2385,1.24671,4.78633294982513,1.6738056065192328,1.6738056065192328,0.08863190802139245
100.0,39.7813,1.25029,4.651765767476664,1.6525891440597436,1.6525891440597436,0.05457212243579792
100.0,43.6704,1.11455,4.517200444198726,1.5225740684535531,1.5225740684535531,0.033231233610914866
100.0,47.9397,0.860973,4.382635308945094,1.265341723080621,1.265341723080621,0.0345189097967775
100.0,52.6264,0.56385,4.248069481620558,0.8713799722474715,0.8713799722474715,0.0759739436325143
100.0,57.7713,0.321411,4.113503230453252,0.37011122613428205,0.37011122613428205,0.16195648007612706
100.0,63.4192,0.192385,3.978936511060696,-0.09886133674122988,-0.09886133674122988,0.22453478319753248
100.0,69.6192,0.174955,3.844370953746222,-0.2688665892848183,-0.2688665892848183,0.11841859265167079
100.0,76.4253,0.256171,3.7098058794938464,-0.05188940210759441,-0.05188940210759441,0.11399213997525157
100.0,83.8969,0.421938,3.575238685870684,0.3396285202147351,0.3396285202147351,0.26601341046932386
100.0,92.0988,0.610756,3.440673830910096,0.6991297096458697,0.6991297096458697,0.2806334948885393
100.0,101.103,0.73641,3.3061022883397184,0.9387842568256999,0.9387842568256999,0.20629528485881432
100.0,110.987,0.772895,3.171537392491127,1.056740053785855,1.056740053785855,0.10786655711179144
100.0,121.837,0.754453,3.036975771081558,1.0850778211259464,1.0850778211259464,0.03363733130332789
100.0,133.748,0.753556,2.9024107765448304,1.082732795112742,1.082732795112742,0.03527128225846922
100.0,146.824,0.807895,2.7678402830350213,1.0950237890742858,1.0950237890742858,0.11635913489973419
100.0,161.177,0.895573,2.6332822092929886,1.1191763666096963,1.1191763666096963,0.22791097100772756
100.0,176.935,0.941396,2.4987086351467758,1.1104263025836114,1.1104263025836114,0.31085488933911054
100.0,194.232,0.851111,2.3641471884756617,0.9999574323282832,0.9999574323282832,0.3244985785172784
100.0,213.221,0.602184,2.2295785596802196,0.7037775560595558,0.7037775560595558,0.2540712633538647
100.0,234.066,0.300082,2.0950127084673085,0.10021225886077323,0.10021225886077323,0.12263145669122713
100.0,256.948,0.0881991,1.960451672171464,-0.9590851774862661,-0.9590851774862661,0.11094228324313987
100.0,282.068,0.0126136,1.8258850902894332,-2.734163959032019,-2.734163959032019,0.3509942597032296
100.0,309.644,0.0,1.6913176037943332,-7.7749201906950045,-7.7749201906950045,0.052879978691903
108.0,0.0439105,5.22309e-05,14.47507451220161,-7.626192165523156,-7.626192165523156,0.7517878364901754
108.0,0.0482033,0.000121168,14.340508557635813,-6.943308606701505,-6.943308606701505,0.5274650269878604
108.0,0.0529158,0.000277875,14.205941916970517,-6.179852509098595,-6.179852509098595,0.4333671282259064
108.0,0.0580889,0.000556219,14.071377963903002,-5.469615773282452,-5.469615773282452,0.45634245096692627
108.0,0.0637679,0.00103991,13.936810103188618,-4.829584419482078,-4.829584419482078,0.4765713694868958
108.0,0.070002,0.00190776,13.80224433310974,-4.256012441724142,-4.256012441724142,0.42958606100199015
108.0,0.0768455,0.00336088,13.6676796949081,-3.7631375138851086,-3.7631375138851086,0.3257854192758201
108.0,0.0843581,0.00545452,13.533113872802678,-3.3494241088605023,-3.3494241088605023,0.22604323725733289
108.0,0.0926052,0.00826211,13.398547267953667,-2.99023887808768,-2.99023887808768,0.14677635589543275
108.0,0.101658,0.0119672,13.263988626676865,-2.6627035593500366,-2.6627035593500366,0.08602986946676916
108.0,0.111597,0.0166147,13.129414135028378,-2.3711694841533064,-2.3711694841533064,0.034292002756177706
108.0,0.122507,0.0220196,12.994848192960312,-2.119254992792144,-2.119254992792144,0.007753455702293672
108.0,0.134483,0.0281964,12.86028856636446,-1.8956406441174516,-1.8956406441174516,0.04119535775954192
108.0,0.147631,0.0356443,12.725716684910308,-1.6815706314249081,-1.6815706314249081,0.06993914003777106
108.0,0.162064,0.0445611,12.591148725396932,-1.4765783779627921,-1.4765783779627921,0.09579065479707415
108.0,0.177907,0.0550199,12.456589102971321,-1.2816584792207335,-1.2816584792207335,0.11829610733126976
108.0,0.1953,0.0671641,12.322020430324745,-1.0956743241008846,-1.0956743241008846,0.1373311185252854
108.0,0.214393,0.0817361,12.187454577439166,-0.9107974612111418,-0.9107974612111418,0.15356632311702229
108.0,0.235353,0.0989115,12.052886136645343,-0.7299451895596758,-0.7299451895596758,0.1675351815842273
108.0,0.258361,0.118087,11.918324070171769,-0.5611016959794237,-0.5611016959794237,0.17934759328966612
108.0,0.283619,0.138228,11.783758195746348,-0.4102741518557824,-0.4102741518557824,0.18875962390218323
108.0,0.311346,0.158599,11.64919363515756,-0.27824572541478165,-0.27824572541478165,0.1964615466982297
108.0,0.341784,0.179227,11.514627518114517,-0.1605311248590482,-0.1605311248590482,0.20290973018211866
108.0,0.375198,0.20039,11.38006024198873,-0.05288687932956071,-0.05288687932956071,0.20852141926216125
108.0,0.411878,0.222211,11.24549531121787,0.047413712821540166,0.047413712821540166,0.2128507809582891
108.0,0.452145,0.244696,11.110926869665022,0.14145148265327157,0.14145148265327157,0.21617626597464734
108.0,0.496347,0.267725,10.97636330702916,0.22959877581492405,0.22959877581492405,0.21871678376468237
108.0,0.544872,0.291483,10.841795024254486,0.31320018550525575,0.31320018550525575,0.22072488368817822
108.0,0.59814,0.315851,10.707229179964555,0.39260874460619943,0.39260874460619943,0.22196987139235544
108.0,0.656615,0.341022,10.572664671706132,0.4689408348462174,0.4689408348462174,0.22245681014203245
108.0,0.720807,0.367229,10.438099357831614,0.5430458431597098,0.5430458431597098,0.2223629516414769
108.0,0.791275,0.395036,10.30353320294686,0.6163837400573438,0.6163837400573438,0.22187274481429411
108.0,0.868632,0.424972,10.168967277562471,0.6900231068579212,0.6900231068579212,0.2210341410787396
108.0,0.953552,0.457852,10.03440076445499,0.7654281121372959,0.7654281121372959,0.21978637777493262
108.0,1.04677,0.4947,9.899839801620729,0.8438974191509185,0.8438974191509185,0.21828197052649714
108.0,1.14911,0.536607,9.765267376270275,0.9263009203580079,0.9263009203580079,0.21674184042943137
108.0,1.26145,0.584491,9.630701261210834,1.012738494730978,1.012738494730978,0.21538112039947452
108.0,1.38477,0.639194,9.496137909408768,1.1030352938134764,1.1030352938134764,0.21420707646764964
108.0,1.52015,0.701521,9.36157059679652,1.1967618132567708,1.1967618132567708,0.21324018972595143
108.0,1.66876,0.772404,9.227007802524259,1.293521566812268,1.293521566812268,0.21252903928840194
108.0,1.8319,0.852735,9.092443533105898,1.3927024893853233,1.3927024893853233,0.21218988148400697
108.0,2.011,0.943365,8.957871203018822,1.4936981654801187,1.4936981654801187,0.21220227455002094
108.0,2.2076,1.04469,8.823305494019841,1.5955329105812255,1.5955329105812255,0.21246737490716192
108.0,2.42342,1.15688,8.688739826464873,1.6972199553684764,1.6972199553684764,0.2129192031969002
108.0,2.66033,1.27999,8.554179069073188,1.7978940272712705,1.7978940272712705,0.21355767419707397
108.0,2.92042,1.41408,8.419608419548556,1.896927755869386,1.896927755869386,0.21439651350239008
108.0,3.20592,1.55886,8.285045859495044,1.993723360195641,1.993723360195641,0.21535823190233816
108.0,3.51934,1.7133,8.150479386482726,2.087490201826059,2.087490201826059,0.21634776963030333
108.0,3.8634,1.87573,8.015913228852217,2.1774157177580338,2.1774157177580338,0.2172685155681284
108.0,4.2411,2.04412,7.881345784325423,2.2627795635714305,2.2627795635714305,0.2181249862605671
108.0,4.65572,2.2166,7.746779989035808,2.3432346871645966,2.3432346871645966,0.21890561479910906
108.0,5.11087,2.39106,7.612215389223115,2.4185479786752473,2.4185479786752473,0.21954059724603403
108.0,5.61052,2.56503,7.4776497942817235,2.4885008675418074,2.4885008675418074,0.21993728885959352
108.0,6.15902,2.73555,7.343083471666689,2.55278334395123,2.55278334395123,0.22005023032861423
108.0,6.76114,2.9005,7.2085177639409865,2.611425346397146,2.611425346397146,0.21992100080744478
108.0,7.42212,3.05855,7.073952958107196,2.664716874632295,2.664716874632295,0.21959047546736551
108.0,8.14773,3.20821,6.939386111687087,2.712896669161219,2.712896669161219,0.2190140522436403
108.0,8.94427,3.34618,6.804820545297883,2.755672751351753,2.755672751351753,0.21806676292009466
108.0,9.81869,3.46706,6.670253730241701,2.7921313411734117,2.7921313411734117,0.216693541844299
108.0,10.7786,3.56505,6.535686386844111,2.821210547747332,2.821210547747332,0.21498503023880927
108.0,11.8323,3.63512,6.401125653199968,2.8419646206225804,2.8419646206225804,0.21316065363446812
108.0,12.9891,3.67023,6.266554718228267,2.8528873425848182,2.8528873425848182,0.21130730642464232
108.0,14.2589,3.65382,6.131993500121705,2.8498666899365332,2.8498666899365332,0.20924187283755993
108.0,15.6529,3.55993,5.997426220921714,2.825695658673559,2.825695658673559,0.20660962167553135
108.0,17.1832,3.36477,5.86285745747583,2.7717867987045306,2.7717867987045306,0.2031131035342878
108.0,18.863,3.07019,5.728297047116338,2.6831554332762337,2.6831554332762337,0.19888630807935218
108.0,20.7071,2.72075,5.593730669464664,2.5652995611680955,2.5652995611680955,0.19467760960287397
108.0,22.7315,2.39176,5.459163302312336,2.4385177338436845,2.4385177338436845,0.1917130592421519
108.0,24.9538,2.15617,5.324596661838943,2.335282154133333,2.335282154133333,0.19106193094257296
108.0,27.3934,2.04814,5.190027848933399,2.2829723853065937,2.2829723853065937,0.19234650833143555
108.0,30.0714,2.05028,5.055464154385576,2.283032023552749,2.283032023552749,0.1937390373714841
108.0,33.0113,2.10087,4.920896236109048,2.307636570490488,2.307636570490488,0.19341465711937905
108.0,36.2385,2.11441,4.78633294982513,2.3159272432217053,2.3159272432217053,0.19077516381926407
108.0,39.7813,2.02184,4.651765767476664,2.2741663097840297,2.2741663097840297,0.1865227757493495
108.0,43.6704,1.80268,4.517200444198726,2.163036536047597,2.163036536047597,0.18142627864702038
108.0,47.9397,1.49072,4.382635308945094,1.977749909461144,1.977749909461144,0.17473903520050935
108.0,52.6264,1.15362,4.248069481620558,1.7293492599512925,1.7293492599512925,0.16349073297574984
108.0,57.7713,0.855745,4.113503230453252,1.446879698162045,1.446879698162045,0.1405548660186521
108.0,63.4192,0.634633,3.978936511060696,1.1779981669652706,1.1779981669652706,0.09806619937003888
108.0,69.6192,0.502037,3.844370953746222,0.9816566915900964,0.9816566915900964,0.044281420975180626
108.0,76.4253,0.446439,3.7098058794938464,0.8927140303135972,0.8927140303135972,0.004077609058162483
108.0,83.8969,0.452782,3.575238685870684,0.9046865937940334,0.9046865937940334,0.00709757320314174
108.0,92.0988,0.494897,3.440673830910096,0.9644122865765259,0.9644122865765259,0.04841126818516769
108.0,101.103,0.532019,3.3061022883397184,1.0048437166239506,1.0048437166239506,0.0935220119682679
108.0,110.987,0.520479,3.171537392491127,0.9785734915557875,0.9785734915557875,0.09966049573594561
108.0,121.837,0.432414,3.036975771081558,0.8505110490154641,0.8505110490154641,0.01862091623413377
108.0,133.748,0.281288,2.9024107765448304,0.5896216440381168,0.5896216440381168,0.22054381346204913
108.0,146.824,0.129854,2.7678402830350213,0.15539021997290536,0.15539021997290536,0.6995901160026561
108.0,161.177,0.0353188,2.6332822092929886,-0.549709786184239,-0.549709786184239,1.5437275957431715
108.0,176.935,0.004684,2.4987086351467758,-1.635562239636299,-1.635562239636299,2.865183598920167
108.0,194.232,0.0001423,2.3641471884756617,-3.513398000717852,-3.513398000717852,5.150742868806284
108.0,213.221,0.0,2.2295785596802196,-7.558479851307313,-7.558479851307313,0.18720792291991178
108.0,234.066,0.0,2.0950127084673085,-7.558479851307313,-7.558479851307313,0.18720792291991178
108.0,256.948,0.0,1.960451672171464,-7.558479851307313,-7.558479851307313,0.18720792291991178
108.0,282.068,0.0,1.8258850902894332,-7.558479851307313,-7.558479851307313,0.18720792291991178
108.0,309.644,0.0,1.6913176037943332,-7.558479851307313,-7.558479851307313,0.18720792291991178
112.0,0.0439105,0.0,14.47507451220161,-7.625638329910741,-7.625638329910741,0.005901663845673549
112.0,0.0482033,0.0,14.340508557635813,-7.625638329910741,-7.625638329910741,0.005901663845673549
112.0,0.0529158,0.0,14.205941916970517,-7.625638329910741,-7.625638329910741,0.005901663845673549
112.0,0.0580889,0.0,14.071377963903002,-7.625638329910741,-7.625638329910741,0.005901663845673549
112.0,0.0637679,0.000602705,13.936810103188618,-4.862971232270853,-4.862971232270853,1.4893011682124753
112.0,0.070002,0.00120804,13.80224433310974,-4.266519891356591,-4.266519891356591,1.3494703876431835
112.0,0.0768455,0.00245051,13.6676796949081,-3.728949698999686,-3.728949698999686,1.1094404985646626
112.0,0.0843581,0.00447037,13.533113872802678,-3.2808954189589294,-3.2808954189589294,0.8928950812057196
112.0,0.0926052,0.00733753,13.398547267953667,-2.900917313491781,-2.900917313491781,0.7294784769670709
112.0,0.101658,0.0112009,13.263988626676865,-2.565739608563391,-2.565739608563391,0.605290510041042
112.0,0.111597,0.0161818,13.129414135028378,-2.272523804115569,-2.272523804115569,0.49968097662799643
112.0,0.122507,0.0221503,12.994848192960312,-2.020272724199706,-2.020272724199706,0.4124058885564514
112.0,0.134483,0.0291925,12.86028856636446,-1.7938339052558754,-1.7938339052558754,0.34222982897581444
112.0,0.147631,0.0377682,12.725716684910308,-1.5781221851061642,-1.5781221851061642,0.28305357340300225
112.0,0.162064,0.0481894,12.591148725396932,-1.3719762313806658,-1.3719762313806658,0.2299842938917253
112.0,0.177907,0.0605822,12.456589102971321,-1.1767553761769385,-1.1767553761769385,0.18240847311340302
112.0,0.1953,0.0752554,12.322020430324745,-0.9888680284569502,-0.9888680284569502,0.14139742025999333
112.0,0.214393,0.0929664,12.187454577439166,-0.8022617383218105,-0.8022617383218105,0.10640385744717817
112.0,0.235353,0.113988,12.052886136645343,-0.6196083268868597,-0.6196083268868597,0.07642022375056033
112.0,0.258361,0.137829,11.918324070171769,-0.44766570562825736,-0.44766570562825736,0.05099551295837312
112.0,0.283619,0.163391,11.783758195746348,-0.2911280951464956,-0.2911280951464956,0.03176969747471949
112.0,0.311346,0.189896,11.64919363515756,-0.15066114672929576,-0.15066114672929576,0.017820596187223148
112.0,0.341784,0.21725,11.514627518114517,-0.023209055073234452,-0.023209055073234452,0.007751227882139973
112.0,0.375198,0.245936,11.38006024198873,0.09519333802388097,0.09519333802388097,0.00019691006461918843
112.0,0.411878,0.276067,11.24549531121787,0.20727099108984515,0.20727099108984515,0.005139017006431668
112.0,0.452145,0.307687,11.110926869665022,0.31427048568925553,0.31427048568925553,0.007175411013904452
112.0,0.496347,0.340586,10.97636330702916,0.4160806339087708,0.4160806339087708,0.0068564814439173935
112.0,0.544872,0.375082,10.841795024254486,0.5136786357414023,0.5136786357414023,0.005271152920680618
112.0,0.59814,0.411234,10.707229179964555,0.6077361579732123,0.6077361579732123,0.002386446577265777
112.0,0.656615,0.449337,10.572664671706132,0.6994324069266593,0.6994324069266593,0.001977083196397171
112.0,0.720807,0.489728,10.438099357831614,0.7894073081255497,0.7894073081255497,0.007489587634422034
112.0,0.791275,0.533047,10.30353320294686,0.8782999929951498,0.8782999929951498,0.013334842589501432
112.0,0.868632,0.580265,10.168967277562471,0.9670441872990132,0.9670441872990132,0.01880629195307181
112.0,0.953552,0.632509,10.03440076445499,1.0568391938417023,1.0568391938417023,0.02387688756235454
112.0,1.04677,0.691205,9.899839801620729,1.1487578008178052,1.1487578008178052,0.028369286094082142
112.0,1.14911,0.757365,9.765267376270275,1.2426298765952657,1.2426298765952657,0.03185280997465719
112.0,1.26145,0.832003,9.630701261210834,1.337920545086758,1.337920545086758,0.03369118236932057
112.0,1.38477,0.91583,9.496137909408768,1.434088961982495,1.434088961982495,0.033936839112663576
112.0,1.52015,1.00957,9.36157059679652,1.5308610010311199,1.5308610010311199,0.03297944534170774
112.0,1.66876,1.11362,9.227007802524259,1.6276926731570014,1.6276926731570014,0.031197818450712837
112.0,1.8319,1.22819,9.092443533105898,1.723775447209194,1.723775447209194,0.028591710471582946
112.0,2.011,1.35328,8.957871203018822,1.818391223651624,1.818391223651624,0.025234426905478
112.0,2.2076,1.4883,8.823305494019841,1.9108618025830997,1.9108618025830997,0.021511262555256903
112.0,2.42342,1.63215,8.688739826464873,2.000586658810045,2.000586658810045,0.01792088705523344
112.0,2.66033,1.78322,8.554179069073188,2.086854760579604,2.086854760579604,0.014732609095114592
112.0,2.92042,1.93987,8.419608419548556,2.1690480141375614,2.1690480141375614,0.011894299241994328
112.0,3.20592,2.10013,8.285045859495044,2.2466659018378445,2.2466659018378445,0.009404718599935588
112.0,3.51934,2.26155,8.150479386482726,2.3193596974797854,2.3193596974797854,0.007485099484672942
112.0,3.8634,2.42097,8.015913228852217,2.3867439665495422,2.3867439665495422,0.0064476347844649754
112.0,4.2411,2.5749,7.881345784325423,2.4483400224985497,2.4483400224985497,0.006382077280339967
112.0,4.65572,2.72033,7.746779989035808,2.5038077721833623,2.5038077721833623,0.007124895240400544
112.0,5.11087,2.85487,7.612215389223115,2.5530864160801947,2.5530864160801947,0.008546932874814374
112.0,5.61052,2.97648,7.4776497942817235,2.5963428545664353,2.5963428545664353,0.010726733946391537
112.0,6.15902,3.08292,7.343083471666689,2.6336310887265286,2.6336310887265286,0.013770727709114703
112.0,6.76114,3.17287,7.2085177639409865,2.665000722045116,2.665000722045116,0.017462238146607523
112.0,7.42212,3.24592,7.073952958107196,2.6904239341470033,2.6904239341470033,0.021225361586150796
112.0,8.14773,3.30235,6.939386111687087,2.709923224234514,2.709923224234514,0.024426825597055234
112.0,8.94427,3.34162,6.804820545297883,2.7233377748105507,2.7233377748105507,0.02667990465845642
112.0,9.81869,3.36176,6.670253730241701,2.730010529266164,2.730010529266164,0.027618698422568998
112.0,10.7786,3.36124,6.535686386844111,2.7289658858327126,2.7289658858327126,0.026360118231619926
112.0,11.8323,3.33995,6.401125653199968,2.7191669655736908,2.7191669655736908,0.021488430313310852
112.0,12.9891,3.29612,6.266554718228267,2.699312504488481,2.699312504488481,0.01209148547161051
112.0,14.2589,3.21637,6.131993500121705,2.66587359274492,2.66587359274492,0.0005604749965500543
112.0,15.6529,3.07303,5.997426220921714,2.6117933850143844,2.6117933850143844,0.012568362707447964
112.0,17.1832,2.83445,5.86285745747583,2.5268479527469063,2.5268479527469063,0.018408076963890508
112.0,18.863,2.49195,5.728297047116338,2.4016216558274843,2.4016216558274843,0.013379018428474086
112.0,20.7071,2.08579,5.593730669464664,2.2357478484832853,2.2357478484832853,0.0036538387364512047
112.0,22.7315,1.69853,5.459163302312336,2.0474102463667574,2.0474102463667574,0.02776180602082633
112.0,24.9538,1.41563,5.324596661838943,1.8785428109403677,1.8785428109403677,0.04660064951972628
112.0,27.3934,1.2793,5.190027848933399,1.7779069550340645,1.7779069550340645,0.047485597113706916
112.0,30.0714,1.27518,5.055464154385576,1.7625605248556093,1.7625605248556093,0.030344307740436526
112.0,33.0113,1.34082,4.920896236109048,1.79786675420773,1.79786675420773,0.009289789484238257
112.0,36.2385,1.38128,4.78633294982513,1.8201212330403775,1.8201212330403775,0.0012811168754390384
112.0,39.7813,1.31371,4.651765767476664,1.7729662232871193,1.7729662232871193,0.0029620897791954068
112.0,43.6704,1.11661,4.517200444198726,1.6209672783067148,1.6209672783067148,0.017894687288235817
112.0,47.9397,0.84446,4.382635308945094,1.3513724558182627,1.3513724558182627,0.031697972088744905
112.0,52.6264,0.590932,4.248069481620558,0.9858900569909608,0.9858900569909608,0.019696983275551586
112.0,57.7713,0.42456,4.113503230453252,0.6089796626656359,0.6089796626656359,0.04572846944421229
112.0,63.4192,0.357084,3.978936511060696,0.3612216774172383,0.3612216774172383,0.15133585002033437
112.0,69.6192,0.365174,3.844370953746222,0.34006070051916826,0.34006070051916826,0.212944481357509
112.0,76.4253,0.409448,3.7098058794938464,0.4840067655635565,0.4840067655635565,0.17121088885549585
112.0,83.8969,0.452076,3.575238685870684,0.6590781894193602,0.6590781894193602,0.06368677836647378
112.0,92.0988,0.479084,3.440673830910096,0.7936851142689303,0.7936851142689303,0.044615513164833746
112.0,101.103,0.500761,3.3061022883397184,0.8781048201878194,0.8781048201878194,0.1014198219540732
112.0,110.987,0.534463,3.171537392491127,0.9199998177828435,0.9199998177828435,0.0685555273881181
112.0,121.837,0.574023,3.036975771081558,0.9028204622446125,0.9028204622446125,0.05672444248741461
112.0,133.748,0.587359,2.9024107765448304,0.7819278842004724,0.7819278842004724,0.2601722581245883
112.0,146.824,0.540032,2.7678402830350213,0.49570124200111465,0.49570124200111465,0.5461528588312335
112.0,161.177,0.419802,2.6332822092929886,-0.03422625845989202,-0.03422625845989202,0.9394205835179587
112.0,176.935,0.246131,2.4987086351467758,-0.9502963701108422,-0.9502963701108422,1.479863504995849
112.0,194.232,0.0984186,2.3641471884756617,-2.406943619743605,-2.406943619743605,2.243557419503728
112.0,213.221,0.0194202,2.2295785596802196,-4.874464293792867,-4.874464293792867,3.438008734929833
112.0,234.066,0.0,2.0950127084673085,-7.625638329910741,-7.625638329910741,0.005901663845673549
112.0,256.948,0.0,1.960451672171464,-7.625638329910741,-7.625638329910741,0.005901663845673549
112.0,282.068,0.0,1.8258850902894332,-7.625638329910741,-7.625638329910741,0.005901663845673549
112.0,309.644,0.0,1.6913176037943332,-7.625638329910741,-7.625638329910741,0.005901663845673549
